﻿<?xml version="1.0" encoding="utf-8" ?>
<Defs>

  <!-- ================ Horn Thoughts ========================== -->
  
  <!-- ================ Broken Thoughts ========================== -->

  <ThoughtDef>
    <defName>GorBrokenHornRight</defName>
    <workerClass>ThoughtWorker_Hediff</workerClass>
    <hediff>GorDamagedHornRight</hediff>
    <validWhileDespawned>true</validWhileDespawned>
    <stages>
      <li>
        <label>damaged horn</label>
        <description>My horn! It's broken</description>
        <baseMoodEffect>-5</baseMoodEffect>
      </li>
    </stages>
  </ThoughtDef>

  <ThoughtDef>
    <defName>GorBrokenHornLeft</defName>
    <workerClass>ThoughtWorker_Hediff</workerClass>
    <hediff>GorDamagedHornLeft</hediff>
    <validWhileDespawned>true</validWhileDespawned>
    <stages>
      <li>
        <label>damaged horn</label>
        <description>My horn! It's broken!</description>
        <baseMoodEffect>-5</baseMoodEffect>
      </li>
    </stages>
  </ThoughtDef>
  
  <!-- ================ Stub Thoughts ========================== -->
  
<ThoughtDef>
    <defName>GorStubHornRight</defName>
    <workerClass>ThoughtWorker_Hediff</workerClass>
    <hediff>GorStubHornRight</hediff>
    <validWhileDespawned>true</validWhileDespawned>
    <stages>
      <li>
        <label>horn stub</label>
        <description>My horn is gone! It shames me!</description>
        <baseMoodEffect>-7</baseMoodEffect>
      </li>
    </stages>
  </ThoughtDef>

  <ThoughtDef>
    <defName>GorStubHornLeft</defName>
    <workerClass>ThoughtWorker_Hediff</workerClass>
    <hediff>GorStubHornLeft</hediff>
    <validWhileDespawned>true</validWhileDespawned>
    <stages>
      <li>
        <label>horn stub</label>
        <description>My horn is gone! It shames me!</description>
        <baseMoodEffect>-7</baseMoodEffect>
      </li>
    </stages>
  </ThoughtDef>
  
</Defs>
