﻿<?xml version="1.0" encoding="utf-8" ?>
<Defs>

  <!-- Gore Base for Faction -->

  <PawnKindDef Name="GorKind" Abstract="True">
    <defaultFactionType>GorFaction</defaultFactionType>
    <combatPower>40</combatPower>
    <baseRecruitDifficulty>0.45</baseRecruitDifficulty>
    <apparelIgnoreSeasons>true</apparelIgnoreSeasons>
    <invNutrition>3.0</invNutrition>
    <invFoodDef>Pemmican</invFoodDef>
  </PawnKindDef>

  <!-- Leader -->

  <PawnKindDef ParentName="GorKind">
    <defName>Beastlord</defName>
    <label>beastlord</label>
    <race>Alien_Gor</race>
    <factionLeader>true</factionLeader>
    <combatPower>150</combatPower>
    <defaultFactionType>GorFaction</defaultFactionType>
    <backstoryFiltersOverride>
      <li>
        <categories>
          <li>Bestigor</li>
        </categories>
      </li>
    </backstoryFiltersOverride>
    <minGenerationAge>40</minGenerationAge>
    <maxGenerationAge>90</maxGenerationAge>
    <apparelAllowHeadgearChance>1</apparelAllowHeadgearChance>
    <apparelTags>
      <li>GorHigh</li>
    </apparelTags>
    <gearHealthRange>
      <min>1.0</min>
      <max>3.0</max>
    </gearHealthRange>
    <apparelMoney>
      <min>400</min>
      <max>3500</max>
    </apparelMoney>
    <weaponTags>
      <li>GorHigh</li>
    </weaponTags>
    <weaponMoney>
      <min>500</min>
      <max>1400</max>
    </weaponMoney>
    <inventoryOptions>
      <skipChance>0.2</skipChance>
      <subOptionsChooseOne>
        <li>
          <thingDef>Silver</thingDef>
          <countRange>
            <min>300</min>
            <max>400</max>
          </countRange>
        </li>
      </subOptionsChooseOne>
    </inventoryOptions>
    <initialWillRange>3~5</initialWillRange>
    <initialResistanceRange>38~58</initialResistanceRange>
  </PawnKindDef>

  <!-- Generals -->

  <PawnKindDef ParentName="GorKind">
    <defName>Wargor</defName>
    <label>wargor</label>
    <race>Alien_Gor</race>
    <factionLeader>false</factionLeader>
    <combatPower>130</combatPower>
    <defaultFactionType>GorFaction</defaultFactionType>
    <backstoryFiltersOverride>
      <li>
        <categories>
          <li>Bestigor</li>
        </categories>
      </li>
    </backstoryFiltersOverride>
    <minGenerationAge>30</minGenerationAge>
    <maxGenerationAge>90</maxGenerationAge>
    <apparelAllowHeadgearChance>0.8</apparelAllowHeadgearChance>
    <apparelTags>
      <li>GorHigh</li>
    </apparelTags>
    <gearHealthRange>
      <min>1.0</min>
      <max>3.0</max>
    </gearHealthRange>
    <apparelMoney>
      <min>300</min>
      <max>1400</max>
    </apparelMoney>
    <weaponTags>
      <li>GorHigh</li>
    </weaponTags>
    <weaponMoney>
      <min>350</min>
      <max>500</max>
    </weaponMoney>
    <inventoryOptions>
      <skipChance>0.2</skipChance>
      <subOptionsChooseOne>
        <li>
          <thingDef>Silver</thingDef>
          <countRange>
            <min>200</min>
            <max>250</max>
          </countRange>
        </li>
      </subOptionsChooseOne>
    </inventoryOptions>
    <initialWillRange>3~5</initialWillRange>
    <initialResistanceRange>38~58</initialResistanceRange>
  </PawnKindDef>

  <PawnKindDef ParentName="GorKind">
    <defName>Bestigor</defName>
    <label>bestigor</label>
    <race>Alien_Gor</race>
    <factionLeader>false</factionLeader>
    <backstoryFiltersOverride>
      <li>
        <categories>
          <li>Bestigor</li>
        </categories>
      </li>
    </backstoryFiltersOverride>
    <combatPower>90</combatPower>
    <minGenerationAge>20</minGenerationAge>
    <maxGenerationAge>90</maxGenerationAge>
    <defaultFactionType>GorFaction</defaultFactionType>
    <apparelAllowHeadgearChance>0.5</apparelAllowHeadgearChance>
    <apparelTags>
      <li>Gor</li>
      <li>GorHigh</li>
    </apparelTags>
    <gearHealthRange>
      <min>1.0</min>
      <max>3.0</max>
    </gearHealthRange>
    <apparelMoney>
      <min>200</min>
      <max>550</max>
    </apparelMoney>
    <weaponTags>
      <li>GorHigh</li>
    </weaponTags>
    <weaponMoney>
      <min>330</min>
      <max>500</max>
    </weaponMoney>
    <inventoryOptions>
      <skipChance>0.2</skipChance>
      <subOptionsChooseOne>
        <li>
          <thingDef>Silver</thingDef>
          <countRange>
            <min>100</min>
            <max>250</max>
          </countRange>
        </li>
      </subOptionsChooseOne>
    </inventoryOptions>
    <initialWillRange>3~5</initialWillRange>
    <initialResistanceRange>19~30</initialResistanceRange>
  </PawnKindDef>

  <!-- Soldiers -->

  <!-- <PawnKindDef ParentName="GorKind">
    <defName>Tzaangor</defName>
    <label>tzaangor</label>
    <race>Alien_Gor</race>
    <factionLeader>false</factionLeader>
    <combatPower>65</combatPower>
    <defaultFactionType>GorFaction</defaultFactionType>
    <apparelAllowHeadgearChance>0.35</apparelAllowHeadgearChance>
    <backstoryCategories>
      <li>Gor</li>
    </backstoryCategories>
    <gearHealthRange>
      <min>0.7</min>
      <max>2.3</max>
    </gearHealthRange>
    <apparelTags>
      <li>GorLow</li>
      <li>GorRobe</li>
    </apparelTags>
    <apparelMoney>
      <min>100</min>
      <max>550</max>
    </apparelMoney>
    <weaponMoney>
      <min>140</min>
      <max>400</max>
    </weaponMoney>
    <weaponTags>
      <li>Gun</li>
    </weaponTags>
    <inventoryOptions>
      <skipChance>0.2</skipChance>
      <subOptionsChooseOne>
        <li>
          <thingDef>Silver</thingDef>
          <countRange>
            <min>20</min>
            <max>100</max>
          </countRange>
        </li>
      </subOptionsChooseOne>
    </inventoryOptions>
  </PawnKindDef> -->

  <PawnKindDef ParentName="GorKind">
    <defName>Ravager</defName>
    <label>ravager</label>
    <race>Alien_Gor</race>
    <factionLeader>false</factionLeader>
    <combatPower>60</combatPower>
    <minGenerationAge>18</minGenerationAge>
    <maxGenerationAge>60</maxGenerationAge>
    <defaultFactionType>GorFaction</defaultFactionType>
    <backstoryFiltersOverride>
      <li>
        <categories>
          <li>Gor</li>
        </categories>
      </li>
    </backstoryFiltersOverride>
    <apparelTags>
      <li>GorLow</li>
      <li>GorRobe</li>
    </apparelTags>
    <gearHealthRange>
      <min>0.5</min>
      <max>2.0</max>
    </gearHealthRange>
    <apparelMoney>
      <min>200</min>
      <max>300</max>
    </apparelMoney>
    <weaponTags>
      <li>GorMedium</li>
    </weaponTags>
    <weaponMoney>
      <min>300</min>
      <max>500</max>
    </weaponMoney>
    <inventoryOptions>
      <skipChance>0.2</skipChance>
      <subOptionsChooseOne>
        <li>
          <thingDef>Silver</thingDef>
          <countRange>
            <min>20</min>
            <max>100</max>
          </countRange>
        </li>
      </subOptionsChooseOne>
    </inventoryOptions>
    <techHediffsMoney>
      <min>100</min>
      <max>300</max>
    </techHediffsMoney>
    <techHediffsChance>0.25</techHediffsChance>
    <initialWillRange>2~4</initialWillRange>
    <initialResistanceRange>14~22</initialResistanceRange>
  </PawnKindDef>

  <PawnKindDef ParentName="GorKind">
    <defName>Ruffian</defName>
    <label>ruffian</label>
    <race>Alien_Gor</race>
    <factionLeader>false</factionLeader>
    <combatPower>50</combatPower>
    <minGenerationAge>18</minGenerationAge>
    <maxGenerationAge>60</maxGenerationAge>
    <defaultFactionType>GorFaction</defaultFactionType>
    <backstoryFiltersOverride>
      <li>
        <categories>
          <li>GorRunt</li>
        </categories>
      </li>
    </backstoryFiltersOverride>
    <apparelTags>
      <li>GorLow</li>
    </apparelTags>
    <gearHealthRange>
      <min>0.1</min>
      <max>0.5</max>
    </gearHealthRange>
    <apparelMoney>
      <min>50</min>
      <max>120</max>
    </apparelMoney>
    <weaponTags>
      <li>NeolithicMeleeBasic</li>
    </weaponTags>
    <weaponMoney>
      <min>50</min>
      <max>100</max>
    </weaponMoney>
    <inventoryOptions>
      <skipChance>0.2</skipChance>
      <subOptionsChooseOne>
        <li>
          <thingDef>Silver</thingDef>
          <countRange>
            <min>5</min>
            <max>20</max>
          </countRange>
        </li>
      </subOptionsChooseOne>
    </inventoryOptions>
    <techHediffsMoney>
      <min>100</min>
      <max>300</max>
    </techHediffsMoney>
    <techHediffsChance>0.5</techHediffsChance>
    <initialWillRange>2~4</initialWillRange>
    <initialResistanceRange>14~22</initialResistanceRange>
  </PawnKindDef>

  <PawnKindDef ParentName="GorKind">
    <defName>Raider</defName>
    <label>raider</label>
    <race>Alien_Ungor</race>
    <backstoryFiltersOverride>
      <li>
        <categories>
          <li>Ungor</li>
        </categories>
      </li>
    </backstoryFiltersOverride>
    <factionLeader>false</factionLeader>
    <combatPower>35</combatPower>
    <minGenerationAge>18</minGenerationAge>
    <maxGenerationAge>60</maxGenerationAge>
    <defaultFactionType>GorFaction</defaultFactionType>
    <itemQuality>Poor</itemQuality>
    <apparelTags>
      <li>GorLow</li>
    </apparelTags>
    <gearHealthRange>
      <min>0.2</min>
      <max>1.1</max>
    </gearHealthRange>
    <apparelMoney>
      <min>100</min>
      <max>200</max>
    </apparelMoney>
    <weaponTags>
      <li>NeolithicRangedBasic</li>
    </weaponTags>
    <weaponMoney>
      <min>80</min>
      <max>120</max>
    </weaponMoney>
    <initialWillRange>1~3</initialWillRange>
    <initialResistanceRange>5~9</initialResistanceRange>
  </PawnKindDef>

  <PawnKindDef>
    <defName>GorExile</defName>
    <label>exiled</label>
    <race>Alien_Gor</race>
    <combatPower>40</combatPower>
    <baseRecruitDifficulty>0.20</baseRecruitDifficulty>
    <backstoryFiltersOverride>
      <li>
        <categories>
          <li>Gor</li>
        </categories>
      </li>
    </backstoryFiltersOverride>
    <defaultFactionType>GorFaction</defaultFactionType>
    <minGenerationAge>18</minGenerationAge>
    <maxGenerationAge>60</maxGenerationAge>
    <itemQuality>Poor</itemQuality>
    <isFighter>false</isFighter>
    <gearHealthRange>
      <min>0.2</min>
      <max>2.0</max>
    </gearHealthRange>
    <apparelMoney>
      <min>100</min>
      <max>500</max>
    </apparelMoney>
    <apparelTags>
      <li>Gor</li>
    </apparelTags>
    <apparelAllowHeadgearChance>0</apparelAllowHeadgearChance>
    <techHediffsMoney>
      <min>100</min>
      <max>300</max>
    </techHediffsMoney>
    <techHediffsTags>
      <li>Simple</li>
    </techHediffsTags>
    <techHediffsChance>0.6</techHediffsChance>
    <invNutrition>3</invNutrition>
    <initialWillRange>0~1</initialWillRange>
    <initialResistanceRange>10~17</initialResistanceRange>
  </PawnKindDef>
  
  <PawnKindDef>
    <defName>UngorExile</defName>
    <label>exiled</label>
    <race>Alien_Ungor</race>
    <combatPower>35</combatPower>
    <baseRecruitDifficulty>0.20</baseRecruitDifficulty>
    <backstoryFiltersOverride>
      <li>
        <categories>
          <li>Ungor</li>
        </categories>
      </li>
    </backstoryFiltersOverride>
    <defaultFactionType>GorFaction</defaultFactionType>
      <minGenerationAge>18</minGenerationAge>
    <maxGenerationAge>60</maxGenerationAge>
    <itemQuality>Poor</itemQuality>
    <isFighter>false</isFighter>
    <gearHealthRange>
      <min>0.2</min>
      <max>2.0</max>
    </gearHealthRange>
    <apparelMoney>
      <min>100</min>
      <max>500</max>
    </apparelMoney>
    <apparelTags>
      <li>Gor</li>
    </apparelTags>
    <apparelAllowHeadgearChance>0</apparelAllowHeadgearChance>
    <techHediffsMoney>
      <min>100</min>
      <max>300</max>
    </techHediffsMoney>
    <techHediffsTags>
      <li>Simple</li>
    </techHediffsTags>
    <techHediffsChance>0.01</techHediffsChance>
    <invNutrition>3</invNutrition>
    <initialWillRange>0~1</initialWillRange>
    <initialResistanceRange>10~17</initialResistanceRange>
  </PawnKindDef>

</Defs>