<?xml version="1.0" encoding="utf-8" ?>
<Defs>

  <!-- Category: None -->

  <MemeDef>
    <defName MayRequire="Ludeon.RimWorld.Ideology">KTBeastmenChaosMeme</defName>
    <label>Warped</label>
    <description>We are beasts of the warp. The rules of man do not bind us.</description>
    <iconPath>Things/World/GorIdeoA</iconPath>
    <groupDef MayRequire="Ludeon.RimWorld.Ideology">Misc</groupDef>
    <impact>3</impact>
    <renderOrder>999</renderOrder>
    <consumableBuildings>
    <li MayRequire="Ludeon.RimWorld.Ideology">Effigy</li>
    </consumableBuildings>
    <requireOne>
      <li>
      <li MayRequire="Ludeon.RimWorld.Ideology">Execution_Required</li>
      </li>
      <li>
      <li MayRequire="Ludeon.RimWorld.Ideology">AnimalConnection_Strong</li>
      </li>
      <li>
      <li MayRequire="Ludeon.RimWorld.Ideology">Apostasy_Horrible</li>
      </li>
      <li>
      <li MayRequire="Ludeon.RimWorld.Ideology">Comfort_Ignored</li>
      </li>
      <li>
      <li MayRequire="Ludeon.RimWorld.Ideology">Cannibalism_Acceptable</li>
      </li>
      <li>
      <li MayRequire="Ludeon.RimWorld.Ideology">Corpses_DontCare</li>
      </li>
      <li>
      <li MayRequire="Ludeon.RimWorld.Ideology">IdeoDiversity_Horrible</li>
      </li>
      <li>
      <li MayRequire="Ludeon.RimWorld.Ideology">Lovin_Free</li>
      </li>
      <li>
      <li MayRequire="Ludeon.RimWorld.Ideology">Nudity_Male_NoRules</li>
      </li>
      <li>
      <li MayRequire="Ludeon.RimWorld.Ideology">OrganUse_Acceptable</li>
      </li>
      <li>
      <li MayRequire="Ludeon.RimWorld.Ideology">Scarification_Minor</li>
      </li>
      <li>
      <li MayRequire="Ludeon.RimWorld.Ideology">Slavery_Honorable</li>
      </li>
      <li>
      <li MayRequire="Ludeon.RimWorld.Ideology">SpouseCount_Male_Unlimited</li>
      </li>
      <li>
      <li MayRequire="Ludeon.RimWorld.Ideology">Research_Slow</li>
      </li>
      <li>
      <li MayRequire="Ludeon.RimWorld.Ideology">RoughLiving_Welcomed</li>
      </li>
      <li>
      <li MayRequire="Ludeon.RimWorld.Ideology">Skullspike_Desired</li>
      </li>
      <li>
      <li MayRequire="Ludeon.RimWorld.Ideology">Temperature_Tough</li>
      </li>
      <li>
        <li MayRequire="Ludeon.RimWorld.Ideology">HAR_EatingAliens_Acceptable</li>
      </li>
      <li>
        <li MayRequire="Ludeon.RimWorld.Ideology">HAR_AlienSlavery_Honorable</li>
      </li>
      <li>
        <li MayRequire="Ludeon.RimWorld.Ideology">HAR_AlienRaces_Horrible</li>
      </li>
    </requireOne>
    <generalRules>
      <rulesStrings>
        <li>memeAdjective->monster</li>
        <li>memeAdjective->beast</li>
        <li>memeCreed->herd</li>
        <li>memeCreed->flock</li>
        <li>memeConcept->beasts</li>
        <li>memeLeaderNoun->bestigor</li>
        <li>memeLeaderNoun->warlord</li>
        <li>memeLeaderAdjective->bestigor</li>
        <li>memeMoralist->dark herald</li>
        <li>memeMoralist->seer</li>
        <li>memeMoralist->shaman</li>
        <li>memeAdjective->fury</li>
        <li>memeAdjective->pain</li>
        <li>memeConcept->hooves</li>
        <li>memeConcept->chaos</li>
        <li>memeConcept->fury</li>
        <li>memeConcept->ravage</li>
      </rulesStrings>
    </generalRules>
    <descriptionMaker>
      <rules>
        <rulesStrings>
          <!-- theist myth -->
          <li>creation(tag=meme_KTBeastmenChaos)        ->[deity0_name] moulded the beasts and shaped their fury.</li>
          <li>episode(uses=1,tag=meme_KTBeastmenChaos)  ->[deity0_name] brought the beasts to the [place_summary] [place_name], the herds roamed it.</li>
          <!-- theist founder -->
          <li>intro(tag=meme_KTBeastmenChaos)           ->[deity0_name] blessed the [place_summary] [place_name], for this was now the hunting grounds for the beasts.</li>
          <li>conflict(tag=meme_KTBeastmenChaos)        ->Humankind arrived, they built and foraged on the sacred grounds, and [founderName] was furious.</li>
          <li>founderJoin(tag=meme_KTBeastmenChaos)     ->[deity0_name] called [founderName] herd to uphold the sacred grounds.</li>
          <li>founderJoin(tag=meme_KTBeastmenChaos)     ->As humankind kept building and expanding, [founderName] looked upon in it hate.</li>
          <li>victory(tag=meme_KTBeastmenChaos)         ->[founderName] called to the herd and with [deity0_name]'s voice beckoning them, they stampeded their way through the lands.</li>
          <!-- ideological founder -->
          <li>setup(tag=meme_KTBeastmenChaos)           ->[founderName] lived at the holy ground of [deity0_name], and tasked with upholding the chaos.</li>
          <li>story(uses=1,tag=meme_KTBeastmenChaos)    ->[founderName] raised dark stones around the land to commune with [deity0_name].</li>
          <!-- ideological lesson -->
          <li>lessonIntro(tag=meme_KTBeastmenChaos)         ->I have heard the words of [deity0_name]:</li>
          <li>lesson(tag=meme_KTBeastmenChaos)              ->These lands are ours, our thundering hooves shall echo these lands.</li>
          <li>lessonReinforcement(tag=meme_KTBeastmenChaos) ->We are the apostles of [deity0_name], no one shall stand before us.</li>
          <!-- archist -->
          <li>archistBasis(tag=meme_KTBeastmenChaos)    ->Since archotechs awoke, the words of [deity0_name] has warped.</li>
          <li>archistFact(tag=meme_KTBeastmenChaos)     ->Archotechs have a connection to the warp.</li>
          <li>archistProphecy(tag=meme_KTBeastmenChaos) ->[inTheEnd], archotechs shall open the way for the warp.</li>
          <!-- animist -->
          <li>animistBasis(tag=meme_KTBeastmenChaos)    ->We are but beasts, human morality holds no sway.</li>
          <li>animistFact(tag=meme_KTBeastmenChaos)     ->The warp is ever present.</li>

        </rulesStrings>
      </rules>
    </descriptionMaker>
    <symbolPacks>
      <li>
        <ideoName>Painism</ideoName>
        <theme>pain</theme>
        <adjective>painist</adjective>
        <member>screamer</member>
      </li>
      <li>
        <ideoName>Torturism</ideoName>
        <theme>torture</theme>
        <adjective>torturistic</adjective>
        <member>torturist</member>
      </li>
      <li>
        <ideoName>Sufferism</ideoName>
        <theme>suffering</theme>
        <adjective>sufferist</adjective>
        <member>sufferer</member>
      </li>
      <li>
        <ideoName>Agonism</ideoName>
        <theme>agony</theme>
        <adjective>agonist</adjective>
        <member>agonist</member>
      </li>
    </symbolPacks>
    <thingStyleCategories>
      <li MayRequire="Ludeon.RimWorld.Ideology">
        <category>Morbid</category>
        <priority>1</priority>
      </li>
    </thingStyleCategories>
    <ritualsToMake>1</ritualsToMake>
    <replaceRitualsWithTags>
    <li MayRequire="Ludeon.RimWorld.Ideology">CelebratedDate</li>
    </replaceRitualsWithTags>
    <replacementPatterns>
    <li MayRequire="Ludeon.RimWorld.Ideology">SacrificePrisoner</li>
    <li MayRequire="Ludeon.RimWorld.Ideology">SacrificeAnimal</li></replacementPatterns>
    <requiredRituals>
      <li MayRequire="Ludeon.RimWorld.Ideology">
        <precept>ScarificationCeremony</precept>
        <pattern>ScarificationCeremony</pattern>
      </li>
      <li MayRequire="Ludeon.RimWorld.Ideology">
        <precept>Execution</precept>
        <pattern>Execution</pattern>
      </li>
      <li MayRequire="Ludeon.RimWorld.Ideology">
        <precept>GladiatorDuel</precept>
        <pattern>GladiatorDuel</pattern>
      </li>
    </requiredRituals>
    <styleItemTags>
      <li>
        <tag>NoBeard</tag>
        <baseWeight>0.5</baseWeight>
        <weightFactor>1</weightFactor>
      </li>
    </styleItemTags>
    <agreeableTraits>
      <li>Cannibal</li>
    </agreeableTraits>
  </MemeDef>


</Defs>
