﻿<?xml version="1.0" encoding="utf-8" ?>

<Defs>

  <FactionDef>
		<defName>GorPlayerFaction</defName>
		<label>herd outcast</label>
    <description>A bestigor that lost a duel. Cast out of the herd, now a outcast that has to build their own herd.</description>
    <isPlayer>true</isPlayer>
    <pawnSingular>outcast</pawnSingular>
    <pawnsPlural>outcasts</pawnsPlural>
    <backstoryCategories>
      <li>Bestigor</li>
    </backstoryCategories>
    <homeIconPath>World/WorldObjects/DefaultSettlement</homeIconPath>
    <expandingIconTexture>Things/World/GorIconSecond</expandingIconTexture>
    <playerInitialSettlementNameMaker>NamerInitialSettlementColony</playerInitialSettlementNameMaker>
    <techLevel>Neolithic</techLevel>
    <factionNameMaker>NamerGorBase</factionNameMaker>
    <settlementNameMaker>NamerGorBase</settlementNameMaker>
    <basicMemberKind>GorScenarioBestigor</basicMemberKind>
    <hairTags>
      <li>Punk</li>
      <li>Tribal</li>
      <li>Rural</li>
    </hairTags>
    <apparelStuffFilter>
      <thingDefs>
        <li>Cloth</li>
      </thingDefs>
    </apparelStuffFilter>
    <recipePrerequisiteTags>
      <li>Tribal</li>
    </recipePrerequisiteTags>
  </FactionDef>

  <FactionDef>
    <defName>BeastmenPlayerFaction</defName>
    <label>beastmen colony</label>
    <description>A colony built by beastmen.</description>
    <isPlayer>true</isPlayer>
    <backstoryCategories>
        <li>Gor</li>
        <li>Ungor</li>
        <li>Bullgor</li>
    </backstoryCategories>
    <homeIconPath>World/WorldObjects/DefaultSettlement</homeIconPath>
    <expandingIconTexture>Things/World/GorIconSecond</expandingIconTexture>
    <playerInitialSettlementNameMaker>NamerInitialSettlementColony</playerInitialSettlementNameMaker>
    <techLevel>Neolithic</techLevel>
    <factionNameMaker>NamerGorBase</factionNameMaker>
    <settlementNameMaker>NamerGorBase</settlementNameMaker>
    <basicMemberKind>UngorBeastmenPlayer</basicMemberKind>
    <hairTags>
      <li>Punk</li>
      <li>Tribal</li>
      <li>Rural</li>
    </hairTags>
    <apparelStuffFilter>
      <thingDefs>
        <li>Cloth</li>
      </thingDefs>
    </apparelStuffFilter>
    <recipePrerequisiteTags>
      <li>Tribal</li>
    </recipePrerequisiteTags>
  </FactionDef>

</Defs>