<?xml version="1.0" encoding="utf-8" ?>
<Defs>
    <AlienRace.RaceSettings>
        <defName>GorRaceSettings</defName>
            <pawnKindSettings>
                <startingColonists>
                  <li>
                    <pawnKindEntries>
                      <li>
                        <kindDefs>
                          <li>GorColony</li>
                          <li>UngorColony</li>
                        </kindDefs>
                        <chance>10.0</chance>
                      </li>
                    </pawnKindEntries>
                    <factionDefs>
                      <li>PlayerColony</li>
                    </factionDefs>
                  </li>
                  <li>
                    <pawnKindEntries>
                      <li>
                        <kindDefs>
                          <li>GorTribe</li>
                          <li>UngorTribe</li>
                        </kindDefs>
                        <chance>10.0</chance>
                      </li>
                    </pawnKindEntries>
                    <factionDefs>
                      <li>PlayerTribe</li>
                    </factionDefs>
                  </li>
                </startingColonists>
              <alienslavekinds>
                <li>
                  <kindDefs>
                    <li>GorExile</li>
                    <li>UngorExile</li>
                  </kindDefs>
                  <chance>0.5</chance>
                </li>
              </alienslavekinds>
              <alienwandererkinds>
                <li>
                  <pawnKindEntries>
                    <li>
                      <kindDefs>
                        <li>GorExile</li>
                        <li>UngorExile</li>
                      </kindDefs>
                      <chance>0.2</chance>
                    </li>
                  </pawnKindEntries>
                  <factionDefs>
                    <li>PlayerColony</li>
                  </factionDefs>
                </li>
              </alienwandererkinds>
            </pawnKindSettings>
    </AlienRace.RaceSettings>

  <AlienRace.RaceSettings>
    <defName>BeastmenScenarioRaceSettings</defName>
    <pawnKindSettings>
      <startingColonists>
        <li>
          <pawnKindEntries>
            <li>
              <kindDefs>
                <li>GorBeastmenPlayer</li>
                <li>BullgorBeastmenPlayer</li>
              </kindDefs>
              <chance>30.0</chance>
            </li>
          </pawnKindEntries>
          <factionDefs>
            <li>BeastmenPlayerFaction</li>
          </factionDefs>
        </li>
        <li>
          <pawnKindEntries>
            <li>
              <kindDefs>
                <li>GorBeastmenPlayer</li>
                <li>BullgorBeastmenPlayer</li>
              </kindDefs>
              <chance>30.0</chance>
            </li>
          </pawnKindEntries>
          <factionDefs>
            <li>BeastmenPlayerFaction</li>
          </factionDefs>
        </li>
      </startingColonists>
      <alienslavekinds>
        <li>
          <kindDefs>
            <li>GorExile</li>
            <li>UngorExile</li>
          </kindDefs>
          <chance>0.5</chance>
        </li>
      </alienslavekinds>
      <alienwandererkinds>
        <li>
          <pawnKindEntries>
            <li>
              <kindDefs>
                <li>GorExile</li>
                <li>UngorExile</li>
              </kindDefs>
              <chance>0.5</chance>
            </li>
          </pawnKindEntries>
          <factionDefs>
            <li>BeastmenPlayerFaction</li>
          </factionDefs>
        </li>
      </alienwandererkinds>
    </pawnKindSettings>
  </AlienRace.RaceSettings>

</Defs>