<?xml version="1.0" encoding="utf-8" ?>

<Defs>
  
  <ThingDef ParentName="AnimalThingBase">
    <defName>BeastmenHarpy</defName>
    <label>harpy</label>
    <description>Harpies are scavengers and opportunists who prey upon the sick, weary, battle-worn and dying. Bestial and savage creatures.</description>
    <statBases>
      <MoveSpeed>7.2</MoveSpeed>
      <PainShockThreshold>1</PainShockThreshold>
      <MarketValue>420</MarketValue>
      <ComfyTemperatureMin>-20</ComfyTemperatureMin>
      <ComfyTemperatureMax>50</ComfyTemperatureMax>
      <ArmorRating_Sharp>0.07</ArmorRating_Sharp>
      <ArmorRating_Blunt>0.12</ArmorRating_Blunt>
      <ArmorRating_Heat>0.5</ArmorRating_Heat>
    </statBases>
    <tools>
      <li>
        <label>left talon</label>
        <capacities>
          <li>Scratch</li>
        </capacities>
        <power>9</power>
        <cooldownTime>1.5</cooldownTime>
        <linkedBodyPartsGroup>LeftHarpyTalon</linkedBodyPartsGroup>
        <surpriseAttack>
          <extraMeleeDamages>
            <li>
              <def>Stun</def>
              <amount>14</amount>
            </li>
          </extraMeleeDamages>
        </surpriseAttack>
      </li>
      <li>
        <label>right talon</label>
        <capacities>
          <li>Scratch</li>
        </capacities>
        <power>9</power>
        <cooldownTime>1.5</cooldownTime>
        <linkedBodyPartsGroup>RightHarpyTalon</linkedBodyPartsGroup>
        <surpriseAttack>
          <extraMeleeDamages>
            <li>
              <def>Stun</def>
              <amount>14</amount>
            </li>
          </extraMeleeDamages>
        </surpriseAttack>
      </li>
      <li>
        <label>teeth</label>
        <capacities>
          <li>Bite</li>
        </capacities>
        <power>12</power>
        <cooldownTime>1.5</cooldownTime>
        <linkedBodyPartsGroup>Teeth</linkedBodyPartsGroup>
      </li>
    </tools>
    <race>
      <useMeatFrom>Alien_Gor</useMeatFrom>
      <body>BeastmenHarpy</body>
      <baseHungerRate>0.5</baseHungerRate>
      <baseBodySize>0.8</baseBodySize>
      <baseHealthScale>0.9</baseHealthScale>
      <predator>true</predator>
      <packAnimal>false</packAnimal>
      <foodType>CarnivoreAnimal, OvivoreAnimal</foodType>
      <leatherDef>Leather_Plain</leatherDef>
      <petness>0.3</petness>
      <wildness>0.75</wildness>
      <manhunterOnTameFailChance>0.1</manhunterOnTameFailChance>
      <manhunterOnDamageChance>0.5</manhunterOnDamageChance>
      <lifeExpectancy>50</lifeExpectancy>
      <herdAnimal>true</herdAnimal>
      <nameOnTameChance>0.2</nameOnTameChance>
      <nameOnNuzzleChance>0.2</nameOnNuzzleChance>
      <herdMigrationAllowed>true</herdMigrationAllowed>
      <lifeStageAges>
        <li>
          <def>AnimalBaby</def>
          <minAge>0</minAge>
          <soundWounded>Pawn_Hare_Wounded</soundWounded>
          <soundDeath>Pawn_Hare_Death</soundDeath>
          <soundCall>Pawn_Hare_Call</soundCall>
          <soundAngry>Pawn_Hare_Angry</soundAngry>
        </li>
        <li>
          <def>AnimalJuvenile</def>
          <minAge>3</minAge>
          <soundWounded>Pawn_Hare_Wounded</soundWounded>
          <soundDeath>Pawn_Hare_Death</soundDeath>
          <soundCall>Pawn_Hare_Call</soundCall>
          <soundAngry>Pawn_Hare_Angry</soundAngry>
        </li>
        <li>
          <def>AnimalAdult</def>
          <minAge>5.0</minAge>
          <soundWounded>Pawn_Hare_Wounded</soundWounded>
          <soundDeath>Pawn_Hare_Death</soundDeath>
          <soundCall>Pawn_Hare_Call</soundCall>
          <soundAngry>Pawn_Hare_Angry</soundAngry>
        </li>
      </lifeStageAges>
      <soundMeleeHitPawn>Pawn_Melee_BigBash_HitPawn</soundMeleeHitPawn>
      <soundMeleeHitBuilding>Pawn_Melee_BigBash_HitBuilding</soundMeleeHitBuilding>
      <soundMeleeMiss>Pawn_Melee_BigBash_Miss</soundMeleeMiss>
    </race>
    <comps>
      <li Class="CompProperties_EggLayer">
        <eggFertilizedDef>EggHarpyFertilized</eggFertilizedDef>
        <eggFertilizationCountMax>1</eggFertilizationCountMax>
        <eggLayIntervalDays>12</eggLayIntervalDays>
        <eggProgressUnfertilizedMax>0.5</eggProgressUnfertilizedMax>
        <eggCountRange>1</eggCountRange>
      </li>
    </comps>
    <tradeTags>
      <li>AnimalExotic</li>
      <li>AnimalFighter</li>
    </tradeTags>
  </ThingDef>

  <PawnKindDef ParentName="AnimalKindBase">
    <defName>BeastmenPawnHarpy</defName>
    <label>harpy</label>
    <labelPlural>harpies</labelPlural>
    <race>BeastmenHarpy</race>
    <combatPower>75</combatPower>
    <ecoSystemWeight>0</ecoSystemWeight>
    <canArriveManhunter>true</canArriveManhunter>
    <wildGroupSize>
      <min>1</min>
      <max>6</max>
    </wildGroupSize>
    <lifeStages>
      <li>
        <bodyGraphicData>
          <texPath>Things/Pawn/Harpy/HarpyMale</texPath>
          <drawSize>1</drawSize>
        </bodyGraphicData>
        <femaleGraphicData>
          <texPath>Things/Pawn/Harpy/HarpyFemale</texPath>
          <drawSize>1</drawSize>
        </femaleGraphicData>
        <dessicatedBodyGraphicData>
          <texPath>Things/Pawn/Harpy/Dessicated_Harpy</texPath>
          <drawSize>1</drawSize>
        </dessicatedBodyGraphicData>
        <femaleDessicatedBodyGraphicData>
          <texPath>Things/Pawn/Harpy/Dessicated_Harpy</texPath>
          <drawSize>1</drawSize>
        </femaleDessicatedBodyGraphicData>
      </li>
      <li>
        <bodyGraphicData>
          <texPath>Things/Pawn/Harpy/HarpyMale</texPath>
          <drawSize>1.3</drawSize>
        </bodyGraphicData>
        <femaleGraphicData>
          <texPath>Things/Pawn/Harpy/HarpyFemale</texPath>
          <drawSize>1.3</drawSize>
        </femaleGraphicData>
        <dessicatedBodyGraphicData>
          <texPath>Things/Pawn/Harpy/Dessicated_Harpy</texPath>
          <drawSize>1.3</drawSize>
        </dessicatedBodyGraphicData>
        <femaleDessicatedBodyGraphicData>
          <texPath>Things/Pawn/Harpy/Dessicated_Harpy</texPath>
          <drawSize>1.3</drawSize>
        </femaleDessicatedBodyGraphicData>
      </li>
      <li>
        <bodyGraphicData>
          <texPath>Things/Pawn/Harpy/HarpyMale</texPath>
          <drawSize>1.5</drawSize>
        </bodyGraphicData>
        <femaleGraphicData>
          <texPath>Things/Pawn/Harpy/HarpyFemale</texPath>
          <drawSize>1.5</drawSize>
        </femaleGraphicData>
        <dessicatedBodyGraphicData>
          <texPath>Things/Pawn/Harpy/Dessicated_Harpy</texPath>
          <drawSize>1.5</drawSize>
        </dessicatedBodyGraphicData>
        <femaleDessicatedBodyGraphicData>
          <texPath>Things/Pawn/Harpy/Dessicated_Harpy</texPath>
          <drawSize>1.5</drawSize>
        </femaleDessicatedBodyGraphicData>
      </li>
    </lifeStages>
  </PawnKindDef>

</Defs>