<?xml version="1.0" encoding="utf-8" ?>

<Defs>

  <!-- ================ Ungor ========================== -->
  
  <AlienRace.ThingDef_AlienRace ParentName="BasePawn">
        <defName>Alien_Ungor</defName>
        <label>ungor</label>
        <description>A lower breed of beastmen. They are either born as mutants or changed into ones later in their lifes. Outcasts from human society they turn to the gor herds as a lower cast.</description>
    <alienRace>
      <generalSettings>
        <maleGenderProbability>0.75</maleGenderProbability>

        <!-- ================ Traits ========================== -->

        <forcedRaceTraitEntries>
          <li>
            <defName>DrugDesire</defName>
            <chance>10</chance>
            <degree>1</degree>
            <commonalityMale>100</commonalityMale>
            <commonalityFemale>10</commonalityFemale>
          </li>
          <li>
            <defName>DrugDesire</defName>
            <chance>10</chance>
            <degree>2</degree>
            <commonalityMale>100</commonalityMale>
            <commonalityFemale>10</commonalityFemale>
          </li>
          <li>
            <defName>Jealous</defName>
            <chance>10</chance>
            <commonalityMale>100</commonalityMale>
            <commonalityFemale>50</commonalityFemale>
          </li>
          <li>
            <defName>Tough</defName>
            <chance>5</chance>
          </li>
          <li>
            <defName>Bloodlust</defName>
            <chance>5</chance>
          </li>
          <li>
            <defName>Abrasive</defName>
            <chance>10</chance>
            <commonalityMale>100</commonalityMale>
            <commonalityFemale>50</commonalityFemale>
          </li>
          <li>
            <defName>Beauty</defName>
            <chance>15</chance>
            <degree>-1</degree>
            <commonalityMale>100</commonalityMale>
            <commonalityFemale>50</commonalityFemale>
          </li>
          <li>
            <defName>Beauty</defName>
            <chance>15</chance>
            <degree>-2</degree>
            <commonalityMale>100</commonalityMale>
            <commonalityFemale>50</commonalityFemale>
          </li>
          <li>
            <defName>Kind</defName>
            <chance>15</chance>
            <commonalityMale>0</commonalityMale>
            <commonalityFemale>100</commonalityFemale>
          </li>
          
        </forcedRaceTraitEntries>

        <disallowedTraits>
          <li>Industriousness</li>
          <li>Teetotaler</li>
          <li>Hardworker</li>
          <li>Kind</li>
          <li>Gourmand</li>
          <li>Cannibal</li>
          <li>BodyPurist</li>
        </disallowedTraits>

        <factionRelations>
          <li>
            <factions>
              <li>DeathjacksFaction</li>
            </factions>
            <goodwill>
              <min>-100</min>
              <max>-100</max>
            </goodwill>
          </li>
        </factionRelations>

        <humanRecipeImport>true</humanRecipeImport>
        <useOnlyPawnkindBackstories>true</useOnlyPawnkindBackstories>
        <immuneToAge>false</immuneToAge>
        <maxDamageForSocialfight>10</maxDamageForSocialfight>

        <!-- ================ Part Generator ========================== -->

        <alienPartGenerator>
          <customHeadDrawSize>(1.0, 1.0)</customHeadDrawSize>
          <headOffset>(0.0, 0.0)</headOffset>
          <aliencrowntypes>
            <li>Average_Normal</li>
            <li>Slender_Normal</li>
          </aliencrowntypes>
          <alienbodytypes>
            <li>Male</li>
            <li>Thin</li>
          </alienbodytypes>
          <customDrawSize>(1.0, 1.0)</customDrawSize>
          <useGenderedHeads>false</useGenderedHeads>
          <useGenderedBodies>false</useGenderedBodies>
        </alienPartGenerator>
      </generalSettings>

      <!-- ================ Graphic Path & Hair ========================== -->

      <graphicPaths>
        <li>
          <head>Things/Beastmen/UnHeads/</head>
          <body>Things/Pawn/Beastmen/UnBodies/</body>
        </li>
      </graphicPaths>

      <hairSettings>
        <hasHair>false</hasHair>
      </hairSettings>

      <!-- ================ Thoughts ========================== -->
      <thoughtSettings>
        <replacerList>
          <!-- ===
          <li>
            <original>PsychicDrone</original>
            <replacer>GorPsychicDrone</replacer>
          </li>
          ===== -->
          <li>
            <original>KnowPrisonerDiedInnocent</original>
            <replacer>GorKnowPrisonerDiedInnocent</replacer>
          </li>
          <li>
            <original>KnowColonistExecuted</original>
            <replacer>GorKnowColonistExecuted</replacer>
          </li>
          <li>
            <original>KnowColonistDied</original>
            <replacer>GorKnowColonistDied</replacer>
          </li>
          <li>
            <original>BondedAnimalDied</original>
            <replacer>GorBondedAnimalDied</replacer>
          </li>
          <li>
            <original>PawnWithGoodOpinionDied</original>
            <replacer>GorPawnWithGoodOpinionDied</replacer>
          </li>
          <li>
            <original>PawnWithBadOpinionDied</original>
            <replacer>GorPawnWithBadOpinionDied</replacer>
          </li>
          <li>
            <original>DeathMemoryFamily</original>
            <replacer>UnGorDeathMemoryFamily</replacer>
          </li>
          <li>
            <original>GotMarried</original>
            <replacer>UnGorGotMarried</replacer>
          </li>
          <li>
            <original>AttendedWedding</original>
            <replacer>GorAttendedWedding</replacer>
          </li>
          <li>
            <original>AttendedParty</original>
            <replacer>GorAttendedParty</replacer>
          </li>
          <li>
            <original>MyOrganHarvested</original>
            <replacer>UnGorMyOrganHarvested</replacer>
          </li>
          <li>
            <original>WasImprisoned</original>
            <replacer>UnGorWasImprisoned</replacer>
          </li>
          <li>
            <original>Nuzzled</original>
            <replacer>GorNuzzled</replacer>
          </li>
          <li>
            <original>KnowBuriedInSarcophagus</original>
            <replacer>GorKnowBuriedInSarcophagus</replacer>
          </li>
          <li>
            <original>WitnessedDeathAlly</original>
            <replacer>GorWitnessedDeathAlly</replacer>
          </li>
          <li>
            <original>WitnessedDeathFamily</original>
            <replacer>UnGorWitnessedDeathFamily</replacer>
          </li>
          <li>
            <original>ColonistBanished</original>
            <replacer>GorColonistBanished</replacer>
          </li>
          <li>
            <original>ColonistBanishedToDie</original>
            <replacer>GorColonistBanishedToDie</replacer>
          </li>
          <li>
            <original>PrisonerBanishedToDie</original>
            <replacer>GorPrisonerBanishedToDie</replacer>
          </li>
          <li>
            <original>BondedAnimalBanished</original>
            <replacer>GorBondedAnimalBanished</replacer>
          </li>
          <li>
            <original>FailedToRescueRelative</original>
            <replacer>GorFailedToRescueRelative</replacer>
          </li>
          <li>
            <original>RescuedRelative</original>
            <replacer>GorRescuedRelative</replacer>
          </li>
          <li>
            <original>Rescue</original>
            <replacer>UnGorRescue</replacer>
          </li>
          <li>
            <original>KindWordsMood</original>
            <replacer>GorKindWordsMood</replacer>
          </li>
          <li>
            <original>SoldMyLovedOne</original>
            <replacer>GorSoldMyLovedOne</replacer>
          </li>
          <li>
            <original>SoldMyBondedAnimal</original>
            <replacer>GorSoldMyBondedAnimal</replacer>
          </li>
          <li>
            <original>RebuffedMyRomanceAttemptMood</original>
            <replacer>GorRebuffedMyRomanceAttemptMood</replacer>
          </li>
          <li>
            <original>FailedRomanceAttemptOnMeLowOpinionMood</original>
            <replacer>UnGorFailedRomanceAttemptOnMeLowOpinionMood</replacer>
          </li>
          <li>
            <original>BrokeUpWithMe</original>
            <replacer>GorBrokeUpWithMed</replacer>
          </li>
          <li>
            <original>CheatedOnMe</original>
            <replacer>GorCheatedOnMe</replacer>
          </li>
          <li>
            <original>DivorcedMe</original>
            <replacer>GorDivorcedMe</replacer>
          </li>
          <li>
            <original>RejectedMyProposal</original>
            <replacer>UnGorRejectedMyProposal</replacer>
          </li>
          <li>
            <original>IRejectedTheirProposal</original>
            <replacer>UnGorIRejectedTheirProposal</replacer>
          </li>
          <li>
            <original>GotSomeLovin</original>
            <replacer>GorGotSomeLovin</replacer>
          </li>
          <!-- ===
          <li>
            <original>OpinionOfMyLover</original>
            <replacer>UnGorOpinionOfMyLover</replacer>
          </li>
          <li>
            <original>ColonistLeftUnburied</original>
            <replacer>GorColonistLeftUnburied</replacer>
          </li>
          === -->
          <li>
            <original>InsultedMood</original>
            <replacer>UnGorInsultedMood</replacer>
          </li>
          <!-- ===
          <li>
            <original>WantToSleepWithSpouseOrLover</original>
            <replacer>GorWantToSleepWithSpouseOrLover</replacer>
          </li>
          <li>
            <original>NotBondedAnimalMaster</original>
            <replacer>GorNotBondedAnimalMaster</replacer>
          </li>
          <li>
            <original>BondedAnimalMaster</original>
            <replacer>GorBondedAnimalMaster</replacer>
          </li>
          === -->
          <li>
            <original>AteRottenFood</original>
            <replacer>GorAteRottenFood</replacer>
          </li>
          <li>
            <original>AteInsectMeatAsIngredient</original>
            <replacer>GorAteInsectMeatAsIngredient</replacer>
          </li>
          <li>
            <original>AteInsectMeatDirect</original>
            <replacer>GorAteInsectMeatDirect</replacer>
          </li>
          <li>
            <original>AteHumanlikeMeatAsIngredientCannibal</original>
            <replacer>GorAteHumanlikeMeatAsIngredientCannibal</replacer>
          </li>
          <li>
            <original>AteHumanlikeMeatAsIngredient</original>
            <replacer>GorAteHumanlikeMeatAsIngredient</replacer>
          </li>
          <li>
            <original>AteHumanlikeMeatDirectCannibal</original>
            <replacer>GorAteHumanlikeMeatDirectCannibal</replacer>
          </li>
          <li>
            <original>AteHumanlikeMeatDirect</original>
            <replacer>GorAteHumanlikeMeatDirect</replacer>
          </li>
          <li>
            <original>AteCorpse</original>
            <replacer>GorAteCorpse</replacer>
          </li>
          <li>
            <original>AteKibble</original>
            <replacer>GorAteKibble</replacer>
          </li>
          <li>
            <original>AteRawFood</original>
            <replacer>GorAteRawFood</replacer>
          </li>
          <li>
            <original>AteAwfulMeal</original>
            <replacer>GorAteAwfulMeal</replacer>
          </li>
          <li>
            <original>AteFineMeal</original>
            <replacer>GorAteFineMeal</replacer>
          </li>
          <li>
            <original>AteLavishMeal</original>
            <replacer>GorAteLavishMeal</replacer>
          </li>
        </replacerList>
        <cannotReceiveThoughts>
          <li>KilledColonyAnimal</li>
          <li>KilledColonist</li>
          <li>ExecutedPrisoner</li>
          <li>SoldPrisoner</li>
          <li>AteRawHumanlikeMeat</li>
          <li>ButcheredHumanlikeCorpseOpinion</li>
          <li>Ugly</li>
          <li>Disfigured</li>
          <li>Incestuous</li>
          <li>KnowPrisonerSold</li>
          <li>KnowGuestOrganHarvested</li>
          <li>KnowColonistOrganHarvested</li>
          <li>EnvironmentDark</li>
          <li>CabinFever</li>
          <li>SleptInCold</li>
          <li>Naked</li>
          <li>KnowGuestExecuted</li>
          <li>ButcheredHumanlikeCorpse</li>
          <li>KnowButcheredHumanlikeCorpse</li>
          <li>ObservedLayingCorpse</li>
          <li>ObservedLayingRottingCorpse</li>
          <li>PrisonerBanishedToDie</li>
          <li>SleptOnGround</li>
          <li>SleptOutside</li>
          <li>HumanLeatherApparelSad</li>
          <li>AteWithoutTable</li>
          <li>NeedBeauty</li>
          <li>ColonistLeftUnburied</li>
          <li>ApparelDamaged</li>
          <li>DeadMansApparel</li>
        </cannotReceiveThoughts>
      </thoughtSettings>
    </alienRace>

    <!-- ================ Stats ========================== -->
    
        <statBases>
           <PsychicSensitivity>1.0</PsychicSensitivity>
           <PainShockThreshold>1.0</PainShockThreshold>
           <ImmunityGainSpeed>1.2</ImmunityGainSpeed>
           <GlobalLearningFactor>0.5</GlobalLearningFactor>
           <ToxicSensitivity>1</ToxicSensitivity>
           <MarketValue>1200</MarketValue>
           <MoveSpeed>4.8</MoveSpeed>
           <Flammability>1</Flammability>
           <ComfyTemperatureMin>-8</ComfyTemperatureMin>
           <ComfyTemperatureMax>28</ComfyTemperatureMax>
           <LeatherAmount>35</LeatherAmount>
           <SmoothingSpeed>1</SmoothingSpeed>
           <ConstructionSpeed>0.75</ConstructionSpeed>
           <ResearchSpeed>0.75</ResearchSpeed>
           <MiningSpeed>1</MiningSpeed>
           <SocialImpact>0.5</SocialImpact>
			     <MeleeDodgeChance>1.1</MeleeDodgeChance>
           <ArmorRating_Blunt>0.08</ArmorRating_Blunt>
           <ArmorRating_Sharp>0.08</ArmorRating_Sharp>
           <ArmorRating_Heat>0.0</ArmorRating_Heat>
        </statBases>

    <!-- ================ Tools ========================== -->
    
		<tools>
      <li>
        <label>left fist</label>
        <capacities>
          <li>Blunt</li>
        </capacities>
        <power>9</power>
        <cooldownTime>1.5</cooldownTime>
        <linkedBodyPartsGroup>LeftHand</linkedBodyPartsGroup>
      </li>
      <li>
        <label>right fist</label>
        <capacities>
          <li>Blunt</li>
        </capacities>
        <power>9</power>
        <cooldownTime>1.5</cooldownTime>
        <linkedBodyPartsGroup>RightHand</linkedBodyPartsGroup>
      </li>
      <li>
        <label>teeth</label>
        <capacities>
          <li>Bite</li>
        </capacities>
        <power>12</power>
        <cooldownTime>2</cooldownTime>
        <linkedBodyPartsGroup>Teeth</linkedBodyPartsGroup>
      </li>
    </tools>

    <!-- ================ Race ========================== -->
      
      <race>
        <useMeatFrom>Human</useMeatFrom>
        <nameGenerator>NamerGor</nameGenerator>
            <thinkTreeMain>Humanlike</thinkTreeMain>
            <thinkTreeConstant>HumanlikeConstant</thinkTreeConstant>
            <intelligence>Humanlike</intelligence>
            <makesFootprints>true</makesFootprints>
            <lifeExpectancy>80</lifeExpectancy>
            <leatherDef>Leather_Human</leatherDef>
            <nameCategory>HumanStandard</nameCategory>
            <body>Ungor</body>
            <baseBodySize>1.0</baseBodySize>
            <baseHealthScale>1.0</baseHealthScale>
            <foodType>OmnivoreAnimal, OvivoreAnimal</foodType>
        <gestationPeriodDays>20</gestationPeriodDays>
        <litterSizeCurve>
          <points>
            <li>(0.5, 0)</li>
            <li>(1, .40)</li>
            <li>(2, .30)</li>
            <li>(3, .20)</li>
            <li>(4, .10)</li>
            <li>(5, 0)</li>
          </points>
        </litterSizeCurve>
            <lifeStageAges>
                <li>
                    <def>HumanlikeBaby</def>
                    <minAge>0</minAge>
                </li>
                <li>
                    <def>HumanlikeToddler</def>
                    <minAge>0.1</minAge>
                </li>
                <li>
                    <def>HumanlikeChild</def>
                    <minAge>1.5</minAge>
                </li>
                <li>
                    <def>HumanlikeTeenager</def>
                    <minAge>10</minAge>
                </li>
                <li>
                    <def>HumanlikeAdult</def>
                    <minAge>16</minAge>
                </li>
            </lifeStageAges>
            <soundMeleeHitPawn>Pawn_Melee_Punch_HitPawn</soundMeleeHitPawn>
            <soundMeleeHitBuilding>Pawn_Melee_Punch_HitBuilding</soundMeleeHitBuilding>
            <soundMeleeMiss>Pawn_Melee_Punch_Miss</soundMeleeMiss>
            <specialShadowData>
                <volume>(0.3, 0.8, 0.4)</volume>
                <offset>(0,0,-0.3)</offset>
            </specialShadowData>
        <ageGenerationCurve>
          <points>
            <li>(10,0)</li>
            <li>(11,20)</li>
            <li>(12,30)</li>
            <li>(14,75)</li>
            <li>(16,100)</li>
            <li>(40,100)</li>
            <li>(60,30)</li>
            <li>(70,18)</li>
            <li>(80,10)</li>
            <li>(90,3)</li>
            <li>(100,0)</li>
          </points>
        </ageGenerationCurve>
        <hediffGiverSets>
          <li>OrganicStandard</li>
          <li>Human</li>
        </hediffGiverSets>
       </race>
    <recipes>
      <li>InstallGorPegHoof</li>
      <li>InstallGorSteelHoof</li>
      <li>InstallArchotechEye</li>
      <li>InstallArchotechArm</li>
      <li>InstallArchotechLeg</li>
      <li>InstallPowerClaw</li>
      <li>InstallBionicEye</li>
      <li>InstallBionicArm</li>
      <li>InstallBionicLeg</li>
      <li>InstallBionicSpine</li>
      <li>InstallBionicHeart</li>
      <li>InstallBionicStomach</li>
      <li>InstallBionicEar</li>
      <li>InstallSimpleProstheticArm</li>
      <li>InstallSimpleProstheticLeg</li>
      <li>InstallSimpleProstheticHeart</li>
      <li>InstallCochlearImplant</li>
      <li>InstallDenture</li>
      <li>InstallJoywire</li>
      <li>InstallPainstopper</li>
      <li>InstallNaturalHeart</li>
      <li>InstallNaturalLung</li>
      <li>InstallNaturalKidney</li>
      <li>InstallNaturalLiver</li>
      <li>ExciseCarcinoma</li>
      <li>AdministerMechSerumHealer</li>
    </recipes>
    
  </AlienRace.ThingDef_AlienRace>
</Defs>