<?xml version="1.0" encoding="utf-8" ?>
<Defs>
  <!-- Bestigor scenario -->

  <ScenarioDef>
    <defName>Beastmen_Ungor</defName>
    <label>Lost Bestigor</label>
    <description>Driven from the herd after losing your position in a duel. You are left behind with a goal to build your own herd and show them that you are the strongest.</description>
    <scenario>
      <summary>A lone Bestigor, driven from the herd in shame.</summary>
      <playerFaction>
        <def>PlayerFaction</def>
        <factionDef>GorPlayerFaction</factionDef>
      </playerFaction>
      <parts>

        <!-- Config pages -->
        <li Class="ScenPart_ConfigPage_ConfigureStartingPawns">
          <def>ConfigPage_ConfigureStartingPawns</def>
          <pawnCount>1</pawnCount>
          <pawnChoiceCount>2</pawnChoiceCount>
        </li>

        <!-- Player starting stuff spawn method-->
        <li Class="ScenPart_PlayerPawnsArriveMethod">
          <def>PlayerPawnsArriveMethod</def>
          <method>Standing</method>
        </li>

        <!-- Player pawns modifiers -->
        <li Class="ScenPart_ForcedHediff">
          <def>ForcedHediff</def>
          <visible>false</visible>
          <context>PlayerStarter</context>
          <chance>0.5</chance>
          <hediff>Malnutrition</hediff>
          <severityRange>
            <min>0.2</min>
            <max>0.4</max>
          </severityRange>
        </li>
        <li Class="ScenPart_SetNeedLevel">
          <def>SetNeedLevel</def>
          <visible>false</visible>
          <context>PlayerStarter</context>
          <chance>1.0</chance>
          <need>Food</need>
          <levelRange>
            <min>0</min>
            <max>0.2</max>
          </levelRange>
        </li>
        <li Class="ScenPart_SetNeedLevel">
          <def>SetNeedLevel</def>
          <visible>false</visible>
          <context>PlayerStarter</context>
          <chance>1.0</chance>
          <need>Rest</need>
          <levelRange>
            <min>0.3</min>
            <max>0.6</max>
          </levelRange>
        </li>

        <!-- Player starting things -->
        <li Class="ScenPart_StartingThing_Defined">
          <def>StartingThing_Defined</def>
          <thingDef>Meat_Human</thingDef>
          <count>75</count>
        </li>
        <li Class="ScenPart_StartingAnimal">
          <def>StartingAnimal</def>
          <count>3</count>
          <animalKind>BeastmenPawnHarpy</animalKind>
          <bondToRandomPlayerPawnChance>0.25</bondToRandomPlayerPawnChance>
        </li>

        <!-- Starting research -->

        <li Class="ScenPart_StartingResearch">
          <def>StartingResearch</def>
          <project>Stonecutting</project>
        </li>

        <!-- Game start dialog -->
        <li Class="ScenPart_GameStartDialog">
          <def>GameStartDialog</def>
          <text>The herd has left. You tried to defend your position but lost, driven from the herd in shame you are left behind. There's nothing left than build your own herd and show them that you are the strongest.</text>
          <closeSound>GameStartSting</closeSound>
        </li>
      </parts>
    </scenario>
  </ScenarioDef>

  <!-- Beastmen scenario -->

  <ScenarioDef>
    <defName>Beastmen_StandradScenario</defName>
    <label>Beastmen Start</label>
    <description>A group of beastmen set out to make their own herd. Choose 4 beastmen from a pool of 8 and take on the challange to build your own herd.</description>
    <scenario>
      <summary>Build your own colony of beastmen.</summary>
      <playerFaction>
        <def>PlayerFaction</def>
        <factionDef>BeastmenPlayerFaction</factionDef>
      </playerFaction>
      <parts>

        <!-- Config pages -->
        <li Class="ScenPart_ConfigPage_ConfigureStartingPawns">
          <def>ConfigPage_ConfigureStartingPawns</def>
          <pawnCount>4</pawnCount>
          <pawnChoiceCount>8</pawnChoiceCount>
        </li>

        <!-- Player starting stuff spawn method-->
        <li Class="ScenPart_PlayerPawnsArriveMethod">
          <def>PlayerPawnsArriveMethod</def>
          <method>Standing</method>
        </li>

        <li Class="ScenPart_SetNeedLevel">
          <def>SetNeedLevel</def>
          <visible>false</visible>
          <context>PlayerStarter</context>
          <chance>1.0</chance>
          <need>Food</need>
          <levelRange>
            <min>0</min>
            <max>0.2</max>
          </levelRange>
        </li>

        <!-- Player starting things -->
        <li Class="ScenPart_StartingThing_Defined">
          <def>StartingThing_Defined</def>
          <thingDef>Meat_Human</thingDef>
          <count>120</count>
        </li>
        <li Class="ScenPart_StartingThing_Defined">
          <def>StartingThing_Defined</def>
          <thingDef>Pemmican</thingDef>
          <count>400</count>
        </li>
        <li Class="ScenPart_StartingAnimal">
          <def>StartingAnimal</def>
          <count>3</count>
          <animalKind>BeastmenPawnHarpy</animalKind>
          <bondToRandomPlayerPawnChance>0.25</bondToRandomPlayerPawnChance>
        </li>

        <!-- Starting research -->

        <li Class="ScenPart_StartingResearch">
          <def>StartingResearch</def>
          <project>Stonecutting</project>
        </li>

        <!-- Game start dialog -->
        <li Class="ScenPart_GameStartDialog">
          <def>GameStartDialog</def>
          <text>Tired of the herd a group of beastmen set out to make their owrn.</text>
          <closeSound>GameStartSting</closeSound>
        </li>
      </parts>
    </scenario>
  </ScenarioDef>
  
</Defs>