﻿<?xml version="1.0" encoding="utf-8" ?>
<Defs>

  <!-- Bestigor -->
  
  <HediffDef ParentName="AddedBodyPartBase">
    <defName>BestigorHornLeft</defName>
    <label>left bestigor horn</label>
    <labelNoun>a large horn</labelNoun>
    <addedPartProps>
      <solid>true</solid>
      <betterThanNatural>false</betterThanNatural>
      <partEfficiency>1.0</partEfficiency>
    </addedPartProps>
    <stages>
      <li>
        <statOffsets>
          <MentalBreakThreshold>-0.02</MentalBreakThreshold>
          <TameAnimalChance>0.02</TameAnimalChance>
          <TrainAnimalChance>0.02</TrainAnimalChance>
        </statOffsets>
        <painFactor>0.9</painFactor>
      </li>
    </stages>
    <spawnThingOnRemoved>BestigorHorn</spawnThingOnRemoved>
  </HediffDef>
  
  <HediffDef ParentName="AddedBodyPartBase">
    <defName>BestigorHornRight</defName>
    <label>right bestigor horn</label>
    <labelNoun>a large horn</labelNoun>
    <addedPartProps>
      <solid>true</solid>
      <betterThanNatural>false</betterThanNatural>
      <partEfficiency>1.0</partEfficiency>
    </addedPartProps>
    <stages>
      <li>
        <statOffsets>
          <MentalBreakThreshold>-0.02</MentalBreakThreshold>
          <TameAnimalChance>0.02</TameAnimalChance>
          <TrainAnimalChance>0.02</TrainAnimalChance>
        </statOffsets>
        <painFactor>0.9</painFactor>
      </li>
    </stages>
    <spawnThingOnRemoved>BestigorHorn</spawnThingOnRemoved>
  </HediffDef>

  <!-- Gorebull -->
  <HediffDef ParentName="AddedBodyPartBase">
    <defName>GorebullHornLeft</defName>
    <label>left gorebull horn</label>
    <labelNoun>a large horn</labelNoun>
    <addedPartProps>
      <solid>true</solid>
      <betterThanNatural>false</betterThanNatural>
      <partEfficiency>1.0</partEfficiency>
    </addedPartProps>
    <stages>
      <li>
        <statOffsets>
          <MentalBreakThreshold>-0.02</MentalBreakThreshold>
          <TameAnimalChance>0.02</TameAnimalChance>
          <TrainAnimalChance>0.02</TrainAnimalChance>
        </statOffsets>
        <painFactor>0.9</painFactor>
      </li>
    </stages>
    <spawnThingOnRemoved>GorebullHorn</spawnThingOnRemoved>
  </HediffDef>

  <HediffDef ParentName="AddedBodyPartBase">
    <defName>GorebullHornRight</defName>
    <label>right gorebull horn</label>
    <labelNoun>a large horn</labelNoun>
    <addedPartProps>
      <solid>true</solid>
      <betterThanNatural>false</betterThanNatural>
      <partEfficiency>1.0</partEfficiency>
    </addedPartProps>
    <stages>
      <li>
        <statOffsets>
          <MentalBreakThreshold>-0.02</MentalBreakThreshold>
          <TameAnimalChance>0.02</TameAnimalChance>
          <TrainAnimalChance>0.02</TrainAnimalChance>
        </statOffsets>
        <painFactor>0.9</painFactor>
      </li>
    </stages>
    <spawnThingOnRemoved>GorebullHorn</spawnThingOnRemoved>
  </HediffDef>

  <HediffDef ParentName="AddedBodyPartBase">
    <defName>GorPegHoof</defName>
    <label>peg leg</label>
    <labelNoun>a peg leg</labelNoun>
    <addedPartProps>
      <solid>true</solid>
      <betterThanNatural>false</betterThanNatural>
      <partEfficiency>0.5</partEfficiency>
    </addedPartProps>
  </HediffDef>

  <HediffDef ParentName="AddedBodyPartBase">
    <defName>GorSteelHoof</defName>
    <label>steel hoof</label>
    <labelNoun>a steel hoof</labelNoun>
    <addedPartProps>
      <solid>true</solid>
      <betterThanNatural>false</betterThanNatural>
      <partEfficiency>1</partEfficiency>
    </addedPartProps>
  </HediffDef>

  <!-- Gor Extra Horns -->

  <!-- Gor Low Tier -->

  <!-- Gor Stub -->

  <HediffDef ParentName="AddedBodyPartBase">
    <defName>GorStubHornLeft</defName>
    <label>left stub</label>
    <labelNoun>a stub</labelNoun>
    <addedPartProps>
      <solid>true</solid>
      <betterThanNatural>false</betterThanNatural>
      <partEfficiency>1.0</partEfficiency>
    </addedPartProps>
    <stages>
      <li>
        <statOffsets>
          <MentalBreakThreshold>0.05</MentalBreakThreshold>
          <SocialImpact>-0.10</SocialImpact>
        </statOffsets>
        <socialFightChanceFactor>0.9</socialFightChanceFactor>
      </li>
    </stages>
    <spawnThingOnRemoved>GorStubHorn</spawnThingOnRemoved>
  </HediffDef>

  <HediffDef ParentName="AddedBodyPartBase">
    <defName>GorStubHornRight</defName>
    <label>right stub</label>
    <labelNoun>a stub</labelNoun>
    <addedPartProps>
      <solid>true</solid>
      <betterThanNatural>false</betterThanNatural>
      <partEfficiency>1.0</partEfficiency>
    </addedPartProps>
    <stages>
      <li>
        <statOffsets>
          <MentalBreakThreshold>0.05</MentalBreakThreshold>
          <SocialImpact>-0.10</SocialImpact>
        </statOffsets>
        <socialFightChanceFactor>0.9</socialFightChanceFactor>
      </li>
    </stages>
    <spawnThingOnRemoved>GorStubHorn</spawnThingOnRemoved>
  </HediffDef>

  <!-- Gor damaged -->

  <HediffDef ParentName="AddedBodyPartBase">
    <defName>GorDamagedHornLeft</defName>
    <label>left damaged horn</label>
    <labelNoun>a damaged horn</labelNoun>
    <addedPartProps>
      <solid>true</solid>
      <betterThanNatural>false</betterThanNatural>
      <partEfficiency>1.0</partEfficiency>
    </addedPartProps>
    <stages>
      <li>
        <statOffsets>
          <MentalBreakThreshold>0.02</MentalBreakThreshold>
          <SocialImpact>-0.05</SocialImpact>
        </statOffsets>
        <socialFightChanceFactor>2</socialFightChanceFactor>
      </li>
    </stages>
    <spawnThingOnRemoved>GorDamagedHorn</spawnThingOnRemoved>
  </HediffDef>

  <HediffDef ParentName="AddedBodyPartBase">
    <defName>GorDamagedHornRight</defName>
    <label>right damaged horn</label>
    <labelNoun>a damaged horn</labelNoun>
    <addedPartProps>
      <solid>true</solid>
      <betterThanNatural>false</betterThanNatural>
      <partEfficiency>1.0</partEfficiency>
    </addedPartProps>
    <stages>
      <li>
        <statOffsets>
          <MentalBreakThreshold>0.02</MentalBreakThreshold>
        </statOffsets>
        <socialFightChanceFactor>2</socialFightChanceFactor>
      </li>
    </stages>
    <spawnThingOnRemoved>GorDamagedHorn</spawnThingOnRemoved>
  </HediffDef>

  <!-- Gor runt -->

  <HediffDef ParentName="AddedBodyPartBase">
    <defName>GorRuntHornLeft</defName>
    <label>left small horn</label>
    <labelNoun>a small horn</labelNoun>
    <addedPartProps>
      <solid>true</solid>
      <betterThanNatural>false</betterThanNatural>
      <partEfficiency>1.0</partEfficiency>
    </addedPartProps>
    <stages>
      <li>
        <statOffsets>
          <MentalBreakThreshold>0.02</MentalBreakThreshold>
          <SocialImpact>-0.02</SocialImpact>
        </statOffsets>
        <socialFightChanceFactor>1.2</socialFightChanceFactor>
      </li>
    </stages>
    <spawnThingOnRemoved>GorRuntHorn</spawnThingOnRemoved>
  </HediffDef>

  <HediffDef ParentName="AddedBodyPartBase">
    <defName>GorRuntHornRight</defName>
    <label>right small horn</label>
    <labelNoun>a small horn</labelNoun>
    <addedPartProps>
      <solid>true</solid>
      <betterThanNatural>false</betterThanNatural>
      <partEfficiency>1.0</partEfficiency>
    </addedPartProps>
    <stages>
      <li>
        <statOffsets>
          <MentalBreakThreshold>0.02</MentalBreakThreshold>
          <SocialImpact>-0.02</SocialImpact>
        </statOffsets>
        <socialFightChanceFactor>1.2</socialFightChanceFactor>
      </li>
    </stages>
    <spawnThingOnRemoved>GorRuntHorn</spawnThingOnRemoved>
  </HediffDef>

  <!-- Gor Mid Tier -->

  <!-- Gor Swept -->

  <HediffDef ParentName="AddedBodyPartBase">
    <defName>GorSweptHornLeft</defName>
    <label>left swept horn</label>
    <labelNoun>a swept horn</labelNoun>
    <addedPartProps>
      <solid>true</solid>
      <betterThanNatural>false</betterThanNatural>
      <partEfficiency>1.0</partEfficiency>
    </addedPartProps>
    <spawnThingOnRemoved>GorSweptHorn</spawnThingOnRemoved>
  </HediffDef>

  <HediffDef ParentName="AddedBodyPartBase">
    <defName>GorSweptHornRight</defName>
    <label>right swept horn</label>
    <labelNoun>a swept horn</labelNoun>
    <addedPartProps>
      <solid>true</solid>
      <betterThanNatural>false</betterThanNatural>
      <partEfficiency>1.0</partEfficiency>
    </addedPartProps>
    <spawnThingOnRemoved>GorSweptHorn</spawnThingOnRemoved>
  </HediffDef>
  
</Defs>
