﻿<?xml version="1.0" encoding="utf-8" ?>
<Defs>

  <ThingDef ParentName="EggFertBase">
    <defName>EggHarpyFertilized</defName>
    <label>harpy egg (fert.)</label>
    <description>A fertilized Harpy egg. If all goes well, it should hatch into a harpy.</description>
    <graphicData>
      <color>(112,82,65)</color>
    </graphicData>
    <statBases>
      <MarketValue>50.0</MarketValue>
    </statBases>
    <comps>
      <li Class="CompProperties_Hatcher">
        <hatcherDaystoHatch>8</hatcherDaystoHatch>
        <hatcherPawn>BeastmenPawnHarpy</hatcherPawn>
      </li>
    </comps>
  </ThingDef>

</Defs>
