<?xml version="1.0" encoding="utf-8" ?>

<Defs>

  <!-- ================ Gor ========================== -->
  
  <AlienRace.ThingDef_AlienRace ParentName="BasePawn">
        <defName>Alien_Gor</defName>
        <label>gor</label>
        <description>A common breed of the Beastmen. They make up the bulk of the beastmen herds roaming the lands. Gors tend to be vicious and bloodthirsty, but the rarer beastwomen tends to have a gentler side.</description>
    <alienRace>
      <generalSettings>
        <maleGenderProbability>0.75</maleGenderProbability>

        <!-- ================ Traits ========================== -->

        <forcedRaceTraitEntries>
          <li>
            <defName>DrugDesire</defName>
            <chance>15</chance>
            <degree>1</degree>
            <commonalityMale>100</commonalityMale>
            <commonalityFemale>10</commonalityFemale>
          </li>
          <li>
            <defName>DrugDesire</defName>
            <chance>15</chance>
            <degree>2</degree>
            <commonalityMale>100</commonalityMale>
            <commonalityFemale>10</commonalityFemale>
          </li>
          <li>
            <defName>Jealous</defName>
            <chance>10</chance>
            <commonalityMale>100</commonalityMale>
            <commonalityFemale>0</commonalityFemale>
          </li>
          <li>
            <defName>Tough</defName>
            <chance>5</chance>
          </li>
          <li>
            <defName>Bloodlust</defName>
            <chance>20</chance>
            <commonalityMale>100</commonalityMale>
            <commonalityFemale>10</commonalityFemale>
          </li>
          <li>
            <defName>Brawler</defName>
            <chance>10</chance>
          </li>
          <li>
            <defName>Abrasive</defName>
            <chance>15</chance>
            <commonalityMale>100</commonalityMale>
            <commonalityFemale>0</commonalityFemale>
          </li>
          <li>
            <defName>Beauty</defName>
            <chance>20</chance>
            <degree>-2</degree>
            <commonalityMale>100</commonalityMale>
            <commonalityFemale>50</commonalityFemale>
          </li>
          <li>
            <defName>Beauty</defName>
            <chance>20</chance>
            <degree>-1</degree>
            <commonalityMale>100</commonalityMale>
            <commonalityFemale>50</commonalityFemale>
          </li>
          <li>
            <defName>Kind</defName>
            <chance>20</chance>
            <commonalityMale>0</commonalityMale>
            <commonalityFemale>100</commonalityFemale>
          </li>
        </forcedRaceTraitEntries>

        <disallowedTraits>
          <li>
            <defName>Industriousness</defName>
            <degree>2</degree>
          </li>
          <li>
            <defName>Industriousness</defName>
            <degree>1</degree>
          </li>
          <li>
            <defName>Wimp</defName>
          </li>
          <li>
            <defName>DrugDesire</defName>
            <degree>-1</degree>
          </li>
          <li>
            <defName>Gourmand</defName>
          </li>
          <li>
            <defName>Cannibal</defName>
          </li>
          <li>
            <defName>BodyPurist</defName>
          </li>
        </disallowedTraits>

        <factionRelations>
          <li>
            <factions>
              <li MayRequire="Kompadt.Warhammer.Deathjacks">DeathjacksFaction</li>
            </factions>
            <goodwill>
              <min>-100</min>
              <max>-100</max>
            </goodwill>
          </li>
          <li>
            <factions>
              <li MayRequire="Kompadt.Warhammer.FreeGuild">FGFreeGuildFaction</li>
            </factions>
            <goodwill>
              <min>-100</min>
              <max>-100</max>
            </goodwill>
          </li>
        </factionRelations>
        <notXenophobistTowards>
              <li>Alien_Bullgor</li>
              <li>Alien_Ungor</li>
        </notXenophobistTowards>

        <humanRecipeImport>true</humanRecipeImport>
        <immuneToAge>false</immuneToAge>
        <maxDamageForSocialfight>10</maxDamageForSocialfight>
        <canLayDown>true</canLayDown>

        <!-- ================ Part Generator ========================== -->

        <alienPartGenerator>
          <customHeadDrawSize>(0.9, 0.9)</customHeadDrawSize>
          <headOffset>(0.0, 0.07)</headOffset>
          <aliencrowntypes>
            <li>Average_Pointy</li>
            <li>Bulky_Pointy</li>
            <li>Hairy_Pointy</li>
            <li>Long_Pointy</li>
          </aliencrowntypes>
          <customDrawSize>(1.5, 1.5)</customDrawSize>
          <alienbodytypes>
            <li>Male</li>
            <li>Female</li>
          </alienbodytypes>
          <useGenderedHeads>false</useGenderedHeads>
          <useGenderedBodies>false</useGenderedBodies>
          <customPortraitDrawSize>(1.3, 1.3)</customPortraitDrawSize>
          <customPortraitHeadDrawSize>(1.0, 1.0)</customPortraitHeadDrawSize>
        <bodyAddons>
            <li>
              <drawSize>1.0</drawSize>
              <path>Things/Pawn/Beastmen/Horns/Left_Horn</path>
              <bodyPart>GorLeftHorn</bodyPart>
              <inFrontOfBody>true</inFrontOfBody>
              <colorChannel>base</colorChannel>
              <drawnInBed>true</drawnInBed>
              <alignWithHead>true</alignWithHead>
              <hediffGraphics>
                <BestigorHornLeft>Things/Pawn/Beastmen/BestiHorns/Left_BestiHorn</BestigorHornLeft>
              </hediffGraphics>
              <offsets>
                <south>
                  <bodyTypes>
                    <Female>(-0.0,0.0)</Female>
                    <Male>(-0.0,0.0)</Male>
                  </bodyTypes>
                  <crownTypes>
                    <Average_Pointy>(0.0,0.0)</Average_Pointy>
                    <Bulky_Pointy>(0.0,0.0)</Bulky_Pointy>
                    <Hairy_Pointy>(0.0,0.0)</Hairy_Pointy>
                    <long_Pointy>(0.0,0.0)</long_Pointy>
                  </crownTypes>
                </south>
                <north>
                  <bodyTypes>
                    <Female>(-0.0,0.0)</Female>
                    <Male>(-0.0,0.0)</Male>
                  </bodyTypes>
                  <crownTypes>
                    <Average_Pointy>(0.0,0.0)</Average_Pointy>
                    <Bulky_Pointy>(0.0,0.0)</Bulky_Pointy>
                    <Hairy_Pointy>(0.0,0.0)</Hairy_Pointy>
                    <long_Pointy>(0.0,0.0)</long_Pointy>
                  </crownTypes>
                </north>
                <east>
                  <bodyTypes>
                    <Female>(-0.0,0.0)</Female>
                    <Male>(-0.0,0.0)</Male>
                  </bodyTypes>
                  <crownTypes>
                    <Average_Pointy>(0.0,0.0)</Average_Pointy>
                    <Bulky_Pointy>(0.0,0.0)</Bulky_Pointy>
                    <Hairy_Pointy>(0.0,0.0)</Hairy_Pointy>
                    <long_Pointy>(0.0,0.0)</long_Pointy>
                  </crownTypes>
                </east>
              </offsets>
            </li>
            <li>
              <drawSize>1.0</drawSize>
              <path>Things/Pawn/Beastmen/Horns/Right_Horn</path>
              <bodyPart>GorRightHorn</bodyPart>
              <inFrontOfBody>true</inFrontOfBody>
              <colorChannel>base</colorChannel>
              <alignWithHead>true</alignWithHead>
              <drawnInBed>true</drawnInBed>
              <hediffGraphics>
                <BestigorHornRight>Things/Pawn/Beastmen/BestiHorns/Right_BestiHorn</BestigorHornRight>
              </hediffGraphics>
              <offsets>
                <south>
                  <bodyTypes>
                    <Female>(0.0,0.0)</Female>
                    <Male>(0.0,0.0)</Male>
                  </bodyTypes>
                  <crownTypes>
                    <Average_Pointy>(0.0,0.0)</Average_Pointy>
                    <Bulky_Pointy>(0.0,0.0)</Bulky_Pointy>
                    <Hairy_Pointy>(0.0,0.0)</Hairy_Pointy>
                    <long_Pointy>(0.0,0.0)</long_Pointy>
                  </crownTypes>
                </south>
                <north>
                  <bodyTypes>
                    <Female>(0.0,0.0)</Female>
                    <Male>(0.0,0.0)</Male>
                  </bodyTypes>
                  <crownTypes>
                    <Average_Pointy>(0.0,0.0)</Average_Pointy>
                    <Bulky_Pointy>(0.0,0.0)</Bulky_Pointy>
                    <Hairy_Pointy>(0.0,0.0)</Hairy_Pointy>
                    <long_Pointy>(0.0,0.0)</long_Pointy>
                  </crownTypes>
                </north>
                <east>
                  <bodyTypes>
                    <Female>(0.0,0.0)</Female>
                    <Male>(0.0,0.0)</Male>
                  </bodyTypes>
                  <crownTypes>
                    <Average_Pointy>(0.0,0.0)</Average_Pointy>
                    <Bulky_Pointy>(0.0,0.0)</Bulky_Pointy>
                    <Hairy_Pointy>(0.0,0.0)</Hairy_Pointy>
                    <long_Pointy>(0.0,0.0)</long_Pointy>
                  </crownTypes>
                </east>
              </offsets>
            </li>
          </bodyAddons>
        </alienPartGenerator>
      </generalSettings>
      <raceRestriction>
        <apparelList>
          <li>KTApparel_Chainhelm</li>
        </apparelList>
        <onlyUseRaceRestrictedApparel>false</onlyUseRaceRestrictedApparel>
      </raceRestriction>

      <!-- ================ Graphic Path & Hair ========================== -->

      <graphicPaths>
        <li>
          <head>Things/Beastmen/Heads/</head>
          <body>Things/Pawn/Beastmen/Bodies/</body>
        </li>
      </graphicPaths>

      <styleSettings>
        <li>
          <key>HairDef</key>
            <value>
              <hasStyle>true</hasStyle>
            </value>
        </li>
        <li>
        <key>BeardDef</key>
        <value>
            <hasStyle>true</hasStyle>
            <styleTags>
                <li>NoBeard</li>
            </styleTags>
        </value>
        </li>
        <li>
        <key>TattooDef</key>
        <value>
            <hasStyle>true</hasStyle>
            <styleTags>
                <li>NoTattoo</li>
            </styleTags>
        </value>
        </li>
        </styleSettings>


      <!-- ================ Thoughts ========================== -->

      <thoughtSettings>
        <replacerList>
          <!-- ====
          <li>
            <original>PsychicDrone</original>
            <replacer>GorPsychicDrone</replacer>
          </li>
          === -->
          <li>
            <original>KnowPrisonerDiedInnocent</original>
            <replacer>GorKnowPrisonerDiedInnocent</replacer>
          </li>
          <li>
            <original>KnowColonistExecuted</original>
            <replacer>GorKnowColonistExecuted</replacer>
          </li>
          <li>
            <original>KnowColonistDied</original>
            <replacer>GorKnowColonistDied</replacer>
          </li>
          <li>
            <original>BondedAnimalDied</original>
            <replacer>GorBondedAnimalDied</replacer>
          </li>
          <li>
            <original>PawnWithGoodOpinionDied</original>
            <replacer>GorPawnWithGoodOpinionDied</replacer>
          </li>
          <li>
            <original>PawnWithBadOpinionDied</original>
            <replacer>GorPawnWithBadOpinionDied</replacer>
          </li>
          <li>
            <original>MySonDied</original>
            <replacer>GorMySonDied</replacer>
          </li>
          <li>
            <original>MyDaughterDied</original>
            <replacer>GorMyDaughterDied</replacer>
          </li>
          <li>
            <original>MyHusbandDied</original>
            <replacer>GorMyHusbandDied</replacer>
          </li>
          <li>
            <original>MyWifeDied</original>
            <replacer>GorMyWifeDied</replacer>
          </li>
          <li>
            <original>MyFianceDied</original>
            <replacer>GorMyFianceDied</replacer>
          </li>
          <li>
            <original>MyFianceeDied</original>
            <replacer>GorMyFianceeDied</replacer>
          </li>
          <li>
            <original>MyLoverDied</original>
            <replacer>GorMyLoverDied</replacer>
          </li>
          <li>
            <original>MyBrotherDied</original>
            <replacer>GorMyBrotherDied</replacer>
          </li>
          <li>
            <original>MySisterDied</original>
            <replacer>GorMySisterDied</replacer>
          </li>

          <li>
            <original>MyGrandchildDied</original>
            <replacer>GorMyGrandchildDied</replacer>
          </li>
          <li>
            <original>MyFatherDied</original>
            <replacer>GorMyFatherDied</replacer>
          </li>
          <li>
            <original>MyMotherDied</original>
            <replacer>GorMyMotherDied</replacer>
          </li>
          <li>
            <original>MyNieceDied</original>
            <replacer>GorMyNieceDied</replacer>
          </li>
          <li>
            <original>MyNephewDied</original>
            <replacer>GorMyNephewDied</replacer>
          </li>
          <li>
            <original>MyAuntDied</original>
            <replacer>GorMyAuntDied</replacer>
          </li>
          <li>
            <original>MyUncleDied</original>
            <replacer>GorMyUncleDied</replacer>
          </li>
          <li>
            <original>MyGrandparentDied</original>
            <replacer>GorMyGrandparentDied</replacer>
          </li>
          <li>
            <original>MyCousinDied</original>
            <replacer>GorMyCousinDied</replacer>
          </li>
          <li>
            <original>MyKinDied</original>
            <replacer>GorMyKinDied</replacer>
          </li>
          <li>
            <original>MyOrganHarvested</original>
            <replacer>GorMyOrganHarvested</replacer>
          </li>
          <li>
            <original>WasImprisoned</original>
            <replacer>GorWasImprisoned</replacer>
          </li>
          <li>
            <original>Nuzzled</original>
            <replacer>GorNuzzled</replacer>
          </li>
          <li>
            <original>KnowBuriedInSarcophagus</original>
            <replacer>GorKnowBuriedInSarcophagus</replacer>
          </li>
          <li>
            <original>WitnessedDeathAlly</original>
            <replacer>GorWitnessedDeathAlly</replacer>
          </li>
          <li>
            <original>WitnessedDeathFamily</original>
            <replacer>GorWitnessedDeathFamily</replacer>
          </li>
          <li>
            <original>ColonistBanished</original>
            <replacer>GorColonistBanished</replacer>
          </li>
          <li>
            <original>ColonistBanishedToDie</original>
            <replacer>GorColonistBanishedToDie</replacer>
          </li>
          <li>
            <original>PrisonerBanishedToDie</original>
            <replacer>GorPrisonerBanishedToDie</replacer>
          </li>
          <li>
            <original>BondedAnimalBanished</original>
            <replacer>GorBondedAnimalBanished</replacer>
          </li>
          <li>
            <original>FailedToRescueRelative</original>
            <replacer>GorFailedToRescueRelative</replacer>
          </li>
          <li>
            <original>RescuedRelative</original>
            <replacer>GorRescuedRelative</replacer>
          </li>
          <li>
            <original>Rescued</original>
            <replacer>GorRescued</replacer>
          </li>
          <li>
            <original>KindWordsMood</original>
            <replacer>GorKindWordsMood</replacer>
          </li>
          <li>
            <original>SoldMyLovedOne</original>
            <replacer>GorSoldMyLovedOne</replacer>
          </li>
          <li>
            <original>SoldMyBondedAnimal</original>
            <replacer>GorSoldMyBondedAnimal</replacer>
          </li>
          <li>
            <original>RebuffedMyRomanceAttemptMood</original>
            <replacer>GorRebuffedMyRomanceAttemptMood</replacer>
          </li>
          <li>
            <original>FailedRomanceAttemptOnMeLowOpinionMood</original>
            <replacer>GorFailedRomanceAttemptOnMeLowOpinionMood</replacer>
          </li>
          <li>
            <original>BrokeUpWithMe</original>
            <replacer>GorBrokeUpWithMe</replacer>
          </li>
          <li>
            <original>CheatedOnMe</original>
            <replacer>GorCheatedOnMe</replacer>
          </li>
          <li>
            <original>DivorcedMe</original>
            <replacer>GorDivorcedMe</replacer>
          </li>
          <li>
            <original>RejectedMyProposal</original>
            <replacer>GorRejectedMyProposal</replacer>
          </li>
          <li>
            <original>IRejectedTheirProposal</original>
            <replacer>GorIRejectedTheirProposal</replacer>
          </li>
          <li>
            <original>GotSomeLovin</original>
            <replacer>GorGotSomeLovin</replacer>
          </li>
          <!-- ====
          <li>
            <original>OpinionOfMyLover</original>
            <replacer>GorOpinionOfMyLover</replacer>
          </li>
          <li>
            <original>ColonistLeftUnburied</original>
            <replacer>GorColonistLeftUnburied</replacer>
          </li>
          === -->
          <li>
            <original>InsultedMood</original>
            <replacer>GorInsultedMood</replacer>
          </li>
          <!-- ====
          <li>
            <original>WantToSleepWithSpouseOrLover</original>
            <replacer>GorWantToSleepWithSpouseOrLover</replacer>
          </li>
          <li>
            <original>NotBondedAnimalMaster</original>
            <replacer>GorNotBondedAnimalMaster</replacer>
          </li>
          <li>
            <original>BondedAnimalMaster</original>
            <replacer>GorBondedAnimalMaster</replacer>
          </li>
          === -->
          <li>
            <original>AteRottenFood</original>
            <replacer>GorAteRottenFood</replacer>
          </li>
          <li>
            <original>AteInsectMeatAsIngredient</original>
            <replacer>GorAteInsectMeatAsIngredient</replacer>
          </li>
          <li>
            <original>AteInsectMeatDirect</original>
            <replacer>GorAteInsectMeatDirect</replacer>
          </li>
          <li>
            <original>AteHumanlikeMeatAsIngredientCannibal</original>
            <replacer>GorAteHumanlikeMeatAsIngredientCannibal</replacer>
          </li>
          <li>
            <original>AteHumanlikeMeatAsIngredient</original>
            <replacer>GorAteHumanlikeMeatAsIngredient</replacer>
          </li>
          <li>
            <original>AteHumanlikeMeatDirectCannibal</original>
            <replacer>GorAteHumanlikeMeatDirectCannibal</replacer>
          </li>
          <li>
            <original>AteHumanlikeMeatDirect</original>
            <replacer>GorAteHumanlikeMeatDirect</replacer>
          </li>
          <li>
            <original>AteCorpse</original>
            <replacer>GorAteCorpse</replacer>
          </li>
          <li>
            <original>AteKibble</original>
            <replacer>GorAteKibble</replacer>
          </li>
          <li>
            <original>AteRawFood</original>
            <replacer>GorAteRawFood</replacer>
          </li>
          <li>
            <original>AteFineMeal</original>
            <replacer>GorAteFineMeal</replacer>
          </li>
          <li>
            <original>AteLavishMeal</original>
            <replacer>GorAteLavishMeal</replacer>
          </li>
          <li>
            <original>MySonLost</original>
            <replacer>GorPawnLost</replacer>
          </li>
          <li>
            <original>MyDaughterLost</original>
            <replacer>GorPawnLost</replacer>
          </li>
          <li>
            <original>MyHusbandLost</original>
            <replacer>GorPawnLost</replacer>
          </li>
          <li>
            <original>MyWifeLost</original>
            <replacer>GorPawnLost</replacer>
          </li>
          <li>
            <original>MyFianceLost</original>
            <replacer>GorPawnLost</replacer>
          </li>
          <li>
            <original>MyFianceeLost</original>
            <replacer>GorPawnLost</replacer>
          </li>
          <li>
            <original>MyLoverLost</original>
            <replacer>GorPawnLost</replacer>
          </li>
          <li>
            <original>MyBrotherLost</original>
            <replacer>GorPawnLost</replacer>
          </li>
          <li>
            <original>MySisterLost</original>
            <replacer>GorPawnLost</replacer>
          </li>
          <li>
            <original>MyGrandchildLost</original>
            <replacer>GorPawnLost</replacer>
          </li>
          <li>
            <original>MyFatherLost</original>
            <replacer>GorPawnLost</replacer>
          </li>
          <li>
            <original>MyMotherLost</original>
            <replacer>GorPawnLost</replacer>
          </li>
          <li>
            <original>MyNieceLost</original>
            <replacer>GorPawnLost</replacer>
          </li>
          <li>
            <original>MyNephewLost</original>
            <replacer>GorPawnLost</replacer>
          </li>
          <li>
            <original>MyHalfSiblingLost</original>
            <replacer>GorPawnLost</replacer>
          </li>
          <li>
            <original>MyAuntLost</original>
            <replacer>GorPawnLost</replacer>
          </li>
          <li>
            <original>MyUncleLost</original>
            <replacer>GorPawnLost</replacer>
          </li>
          <li>
            <original>MyGrandparentLost</original>
            <replacer>GorPawnLost</replacer>
          </li>
          <li>
            <original>MyCousinLost</original>
            <replacer>GorPawnLost</replacer>
          </li>
          <li>
            <original>MyKinLost</original>
            <replacer>GorPawnLost</replacer>
          </li>
          <li>
            <original>BondedAnimalLost</original>
            <replacer>GorBondedAnimalLost</replacer>
          </li>
        </replacerList>
        <cannotReceiveThoughts>
          <li>ColonistLost</li>
          <li>PawnWithGoodOpinionLost</li>
          <li>PawnWithBadOpinionLost</li>
          <li>KilledColonyAnimal</li>
          <li>KilledColonist</li>
          <li>ExecutedPrisoner</li>
          <li>SoldPrisoner</li>
          <li>AteRawHumanlikeMeat</li>
          <li>ButcheredHumanlikeCorpseOpinion</li>
          <li>Ugly</li>
          <li>Disfigured</li>
          <li>Incestuous</li>
          <li>KnowPrisonerSold</li>
          <li>KnowGuestOrganHarvested</li>
          <li>KnowColonistOrganHarvested</li>
          <li>EnvironmentDark</li>
          <li>SleptInCold</li>
          <li>Naked</li>
          <li>KnowGuestExecuted</li>
          <li>ButcheredHumanlikeCorpse</li>
          <li>KnowButcheredHumanlikeCorpse</li>
          <li>ObservedLayingCorpse</li>
          <li>ObservedLayingRottingCorpse</li>
          <li>PrisonerBanishedToDie</li>
          <li>SleptOnGround</li>
          <li>SleptOutside</li>
          <li>HumanLeatherApparelSad</li>
          <li>AteWithoutTable</li>
          <li>NeedBeauty</li>
          <li>ColonistLeftUnburied</li>
          <li>ApparelDamaged</li>
          <li>DeadMansApparel</li>
          <li MayRequire="Ludeon.RimWorld.Royalty">TitleApparelRequirementNotMet</li>
          <li MayRequire="Ludeon.RimWorld.Ideology">HAR_ButcheredAlien_Abhorrent</li>
          <li MayRequire="Ludeon.RimWorld.Ideology">HAR_ButcheredAlien_Know_Abhorrent</li>
          <li MayRequire="Ludeon.RimWorld.Ideology">HAR_ButcheredAlien_Know_Abhorrent_Opinion</li>
          <li MayRequire="Ludeon.RimWorld.Ideology">HAR_ButcheredAlien_Know_Disapproved_Opinion</li>
          <li MayRequire="Ludeon.RimWorld.Ideology">HAR_ButcheredAlien_Know_Disapproved</li>
          <li MayRequire="Ludeon.RimWorld.Ideology">HAR_ButcheredAlien_Disapproved</li>
          <li MayRequire="Ludeon.RimWorld.Ideology">HAR_AteAlienMeat_Know_Disapproved</li>
          <li MayRequire="Ludeon.RimWorld.Ideology">HAR_AteAlienMeat_Disapproved</li>
          <li MayRequire="Ludeon.RimWorld.Ideology">HAR_AteAlienMeat_Know_Abhorrent</li>
          <li MayRequire="Ludeon.RimWorld.Ideology">HAR_AteAlienMeat_Abhorrent</li>
        </cannotReceiveThoughts>
      </thoughtSettings>
    </alienRace>

    <!-- ================ Stats ========================== -->
    
        <statBases>
           <PsychicSensitivity>1.0</PsychicSensitivity>
           <PainShockThreshold>1.5</PainShockThreshold>
           <ImmunityGainSpeed>1.5</ImmunityGainSpeed>
           <GlobalLearningFactor>0.5</GlobalLearningFactor>
           <ToxicSensitivity>0.5</ToxicSensitivity>
           <MarketValue>2000</MarketValue>
           <MoveSpeed>4.8</MoveSpeed>
           <Flammability>1.25</Flammability>
           <ComfyTemperatureMin>-15</ComfyTemperatureMin>
           <ComfyTemperatureMax>28</ComfyTemperatureMax>
           <LeatherAmount>50</LeatherAmount>
           <SmoothingSpeed>1</SmoothingSpeed>
           <ConstructionSpeed>0.75</ConstructionSpeed>
           <ResearchSpeed>0.5</ResearchSpeed>
           <MiningSpeed>0.90</MiningSpeed>
           <SocialImpact>0.4</SocialImpact>
			     <MeleeDodgeChance>1</MeleeDodgeChance>
           <ArmorRating_Blunt>0.17</ArmorRating_Blunt>
           <ArmorRating_Sharp>0.15</ArmorRating_Sharp>
           <ArmorRating_Heat>0.0</ArmorRating_Heat>
        </statBases>

    <!-- ================ Tools ========================== -->
    
		<tools>
      <li>
        <label>left fist</label>
        <capacities>
          <li>Blunt</li>
        </capacities>
        <power>13</power>
        <cooldownTime>1.7</cooldownTime>
        <linkedBodyPartsGroup>LeftHand</linkedBodyPartsGroup>
      </li>
      <li>
        <label>right fist</label>
        <capacities>
          <li>Blunt</li>
        </capacities>
        <power>13</power>
        <cooldownTime>1.7</cooldownTime>
        <linkedBodyPartsGroup>RightHand</linkedBodyPartsGroup>
      </li>
      <li>
        <label>teeth</label>
        <capacities>
          <li>Bite</li>
        </capacities>
        <power>15</power>
        <cooldownTime>2</cooldownTime>
        <linkedBodyPartsGroup>Teeth</linkedBodyPartsGroup>
      </li>
    </tools>

    <!-- ================ Race ========================== -->
      
      <race>   
            <nameGenerator>NamerGor</nameGenerator>
            <thinkTreeMain>Humanlike</thinkTreeMain>
            <thinkTreeConstant>HumanlikeConstant</thinkTreeConstant>
            <intelligence>Humanlike</intelligence>
            <makesFootprints>true</makesFootprints>
            <lifeExpectancy>90</lifeExpectancy>
            <nameCategory>HumanStandard</nameCategory>
            <leatherDef>Leather_Gor</leatherDef>
            <body>Gor</body>
            <baseBodySize>1.5</baseBodySize>
            <baseHealthScale>1.5</baseHealthScale>
            <foodType>OmnivoreAnimal, OvivoreAnimal</foodType>
        <gestationPeriodDays>20</gestationPeriodDays>
        <litterSizeCurve>
          <points>
            <li>(0.5, 0)</li>
            <li>(1, .40)</li>
            <li>(2, .30)</li>
            <li>(3, .20)</li>
            <li>(4, .10)</li>
            <li>(5, 0)</li>
          </points>
        </litterSizeCurve>
            <lifeStageAges>
                <li>
                    <def>HumanlikeBaby</def>
                    <minAge>0</minAge>
                </li>
                <li>
                    <def>HumanlikeToddler</def>
                    <minAge>0.1</minAge>
                </li>
                <li>
                    <def>HumanlikeChild</def>
                    <minAge>1.5</minAge>
                </li>
                <li>
                    <def>HumanlikeTeenager</def>
                    <minAge>10</minAge>
                </li>
                <li>
                    <def>HumanlikeAdult</def>
                    <minAge>16</minAge>
                </li>
            </lifeStageAges>
            <soundMeleeHitPawn>Pawn_Melee_Punch_HitPawn</soundMeleeHitPawn>
            <soundMeleeHitBuilding>Pawn_Melee_Punch_HitBuilding</soundMeleeHitBuilding>
            <soundMeleeMiss>Pawn_Melee_Punch_Miss</soundMeleeMiss>
        <ageGenerationCurve>
          <points>
            <li>(10,0)</li>
            <li>(11,20)</li>
            <li>(12,30)</li>
            <li>(14,75)</li>
            <li>(16,100)</li>
            <li>(40,100)</li>
            <li>(60,30)</li>
            <li>(70,18)</li>
            <li>(80,10)</li>
            <li>(90,3)</li>
            <li>(100,0)</li>
          </points>
        </ageGenerationCurve>
        <hediffGiverSets>
          <li>OrganicStandard</li>
          <li>Human</li>
        </hediffGiverSets>
       </race>
    <recipes>
      <li>InstallBestigorHornRight</li>
      <li>InstallBestigorHornLeft</li>
      <li>InstallGorSteelHoof</li>
      <li>InstallArchotechEye</li>
      <li>InstallArchotechArm</li>
      <li>InstallArchotechLeg</li>
      <li>InstallPowerClaw</li>
      <li>InstallBionicEye</li>
      <li>InstallBionicArm</li>
      <li>InstallBionicLeg</li>
      <li>InstallBionicSpine</li>
      <li>InstallBionicHeart</li>
      <li>InstallBionicStomach</li>
      <li>InstallBionicEar</li>
      <li>InstallSimpleProstheticArm</li>
      <li>InstallSimpleProstheticLeg</li>
      <li>InstallSimpleProstheticHeart</li>
      <li>InstallCochlearImplant</li>
      <li>InstallDenture</li>
      <li>InstallJoywire</li>
      <li>InstallPainstopper</li>
      <li>InstallNaturalHeart</li>
      <li>InstallNaturalLung</li>
      <li>InstallNaturalKidney</li>
      <li>InstallNaturalLiver</li>
      <li>ExciseCarcinoma</li>
      <li>AdministerMechSerumHealer</li>
    </recipes>
    
  </AlienRace.ThingDef_AlienRace>
</Defs>