﻿<?xml version="1.0" encoding="utf-8" ?>
<Defs>

  <!-- Natural -->

  <ThingDef Name="BeastmenBodyPartNaturalBase" ParentName="BodyPartBase"  Abstract="True">
    <graphicData>
      <texPath>Things/Item/Health/HealthItem</texPath>
      <graphicClass>Graphic_Single</graphicClass>
      <drawSize>0.80</drawSize>
      <color>(190,190,190)</color>
    </graphicData>
    <thingCategories>
      <li>BodyPartsNatural</li>
    </thingCategories>
    <statBases>
      <DeteriorationRate>2.0</DeteriorationRate>
    </statBases>
  </ThingDef>

  <!-- Surgery -->

  <RecipeDef Name="SurgeryInstallImplantBaseGor" ParentName="SurgeryFlesh" Abstract="True">
    <workerClass>Recipe_InstallImplant</workerClass>
    <workAmount>500</workAmount>
    <surgerySuccessChanceFactor>5</surgerySuccessChanceFactor>
    <dontShowIfAnyIngredientMissing>true</dontShowIfAnyIngredientMissing>
    <skillRequirements>
      <Medicine>1</Medicine>
    </skillRequirements>
    <recipeUsers>
      <li>Alien_Ungor</li>
      <li>Alien_Gor</li>
      <li>Alien_Bullgor</li>
    </recipeUsers>
    <ingredients>
      <li>
        <filter>
          <categories>
            <li>Medicine</li>
          </categories>
        </filter>
        <count>1</count>
      </li>
    </ingredients>
    <fixedIngredientFilter>
      <categories>
        <li>Medicine</li>
      </categories>
    </fixedIngredientFilter>
  </RecipeDef>

  <RecipeDef Name="SurgeryInstallBodyPartArtificialBaseGor" ParentName="SurgeryInstallImplantBaseGor" Abstract="True">
    <workerClass>Recipe_InstallArtificialBodyPart</workerClass>
  </RecipeDef>

  <RecipeDef Name="SurgeryInstallBodyPartNaturalBaseGor" ParentName="SurgeryInstallImplantBaseGor" Abstract="True">
    <workerClass>Recipe_InstallNaturalBodyPart</workerClass>
  </RecipeDef>

  <!-- Artifical -->

  <ThingDef Name="BodyPartProstheticBaseGor" ParentName="BodyPartBase" Abstract="True">
    <techLevel>Medieval</techLevel>
    <thingCategories>
      <li>BodyPartsNatural</li>
    </thingCategories>
    <graphicData>
      <texPath>Things/Item/Health/HealthItem</texPath>
      <graphicClass>Graphic_Single</graphicClass>
      <drawSize>0.80</drawSize>
      <color>(154,124,104)</color>
    </graphicData>
    <statBases>
      <WorkToMake>10000</WorkToMake>
    </statBases>
  </ThingDef>

  <ThingDef Name="BodyPartProstheticMakeableBaseGor" ParentName="BodyPartProstheticBaseGor" Abstract="True">
    <recipeMaker>
      <workSpeedStat>GeneralLaborSpeed</workSpeedStat>
      <workSkill>Crafting</workSkill>
      <effectWorking>Smith</effectWorking>
      <soundWorking>Recipe_Smith</soundWorking>
      <recipeUsers>
        <li>ElectricSmithy</li>
        <li>FueledSmithy</li>
      </recipeUsers>
      <skillRequirements>
        <Crafting>2</Crafting>
      </skillRequirements>
      <unfinishedThingDef>UnfinishedHealthItemProsthetic</unfinishedThingDef>
      <researchPrerequisite>Smithing</researchPrerequisite>
    </recipeMaker>
  </ThingDef>

  <!-- Hidden -->

  <ThingDef Name="BeastmenBodyPartNaturalBaseHidden" Abstract="True">
    <thingClass>ThingWithComps</thingClass>
    <category>Item</category>
    <useHitPoints>false</useHitPoints>
    <selectable>false</selectable>
    <statBases>
      <MarketValue>100</MarketValue>
      <Mass>0</Mass>
    </statBases>
    <menuHidden>True</menuHidden>
    <destroyOnDrop>true</destroyOnDrop>
    <tradeability>None</tradeability>
    <altitudeLayer>Item</altitudeLayer>
    <tickerType>Never</tickerType>
    <alwaysHaulable>true</alwaysHaulable>
    <isTechHediff>true</isTechHediff>
    <pathCost>10</pathCost>
  </ThingDef>

  <ThingDef Name="BodyPartHiddenBeastmen" ParentName="BeastmenBodyPartNaturalBaseHidden"  Abstract="True">
    <graphicData>
      <texPath>Things/Item/Health/HealthItem</texPath>
      <graphicClass>Graphic_Single</graphicClass>
      <drawSize>0.80</drawSize>
    </graphicData>
    <thingCategories>
      <li>BodyPartsNatural</li>
    </thingCategories>
  </ThingDef>

  <RecipeDef Abstract="True" Name="SurgeryFleshHiddenBeastmen">
  <workerClass>Recipe_InstallImplant</workerClass>
  <workAmount>500</workAmount>
  <surgerySuccessChanceFactor>5</surgerySuccessChanceFactor>
  <dontShowIfAnyIngredientMissing>true</dontShowIfAnyIngredientMissing>
  <skillRequirements>
    <Medicine>20</Medicine>
  </skillRequirements>
  <recipeUsers>
    <li>Human</li>
  </recipeUsers>
  </RecipeDef>

</Defs>
