﻿<?xml version="1.0" encoding="utf-8" ?>
<Defs>

  <!-- Cygor -->
  
  <HediffDef ParentName="ImplantHediffBase">
    <defName>BeastmenPainStopper</defName>
    <label>bloodlust</label>
    <description>A simple mind filled with hunger.</description>
    <addedPartProps>
      <solid>true</solid>
      <betterThanNatural>false</betterThanNatural>
      <partEfficiency>1.0</partEfficiency>
    </addedPartProps>
    <stages>
      <li>
        <painFactor>0.12</painFactor>
      </li>
    </stages>
  </HediffDef>

  <ThingDef ParentName="BodyPartHiddenBeastmen">
    <defName>BeastmenBloodlust</defName>
    <label>bloodlust</label>
    <description>Beastmen bloodlust.</description>
    <statBases>
      <MarketValue>100</MarketValue>
    </statBases>
    <techHediffsTags>
      <li>BeastmenBloodlust</li>
    </techHediffsTags>
  </ThingDef>

  <RecipeDef ParentName="SurgeryFleshHiddenBeastmen">
    <defName>InstallBeastmenBloodlust</defName>
    <label>install bloodlust</label>
    <description>Install bloodlust.</description>
    <workerClass>Recipe_InstallImplant</workerClass>
    <jobString>Installing bloodlust.</jobString>
    <workAmount>10</workAmount>
    <deathOnFailedSurgeryChance>0.10</deathOnFailedSurgeryChance>
    <skillRequirements>
      <Medicine>1</Medicine>
    </skillRequirements>
    <ingredients>
      <li>
        <filter>
          <thingDefs>
            <li>BeastmenBloodlust</li>
          </thingDefs>
        </filter>
        <count>1</count>
      </li>
    </ingredients>
    <fixedIngredientFilter>
      <thingDefs>
        <li>BeastmenBloodlust</li>
      </thingDefs>
    </fixedIngredientFilter>
    <appliedOnFixedBodyParts>
      <li>Brain</li>
    </appliedOnFixedBodyParts>
    <addsHediff>BeastmenPainStopper</addsHediff>
  </RecipeDef>


</Defs>
