<?xml version="1.0" encoding="UTF-8"?>
<Defs>

  <DamageDef>
    <defName>CygorBomb</defName>
    <label>boulder</label>
    <workerClass>DamageWorker_AddInjury</workerClass>
    <externalViolence>true</externalViolence>
    <isExplosive>true</isExplosive>
    <deathMessage>{0} has died under a boulder.</deathMessage>
    <hediff>Crush</hediff>
    <hediffSolid>Crack</hediffSolid>
    <harmAllLayersUntilOutside>true</harmAllLayersUntilOutside>
    <impactSoundType>Blunt</impactSoundType>
    <armorCategory>Blunt</armorCategory>
    <minDamageToFragment>5</minDamageToFragment>
    <defaultDamage>35</defaultDamage>
    <defaultStoppingPower>0.5</defaultStoppingPower>
    <defaultArmorPenetration>0.10</defaultArmorPenetration>
    <buildingDamageFactor>1.4</buildingDamageFactor>
    <plantDamageFactor>3</plantDamageFactor>
    <explosionAffectOutsidePartsOnly>false</explosionAffectOutsidePartsOnly>
    <explosionHeatEnergyPerCell>0</explosionHeatEnergyPerCell>
    <explosionCellFleck>BlastDry</explosionCellFleck>
    <explosionColorCenter>(1, 0.5, 0.3)</explosionColorCenter>
    <explosionColorEdge>(0.6, 0.5, 0.4)</explosionColorEdge>
    <soundExplosion>Explosion_Bomb</soundExplosion>
    <combatLogRules>Damage_Bomb</combatLogRules>
  </DamageDef>
  
</Defs>