﻿<?xml version="1.0" encoding="utf-8" ?>
<Defs>

  <!--======================= hidden bloodlust/pain stopper =========================-->

  <RecipeDef Abstract="True" Name="SurgeryFleshHiddenBeastmen">
    <effectWorking>Surgery</effectWorking>
    <soundWorking>Recipe_Surgery</soundWorking>
    <workSpeedStat>MedicalOperationSpeed</workSpeedStat>
    <workSkill>Medicine</workSkill>
    <workSkillLearnFactor>16</workSkillLearnFactor>
    <dontShowIfAnyIngredientMissing>true</dontShowIfAnyIngredientMissing>
  </RecipeDef>
  
  <RecipeDef ParentName="SurgeryFleshHiddenBeastmen">
    <defName>InstallBeastmenBloodlust</defName>
    <label>install bloodlust</label>
    <description>Install bloodlust.</description>
    <workerClass>Recipe_InstallImplant</workerClass>
    <jobString>Installing bloodlust.</jobString>
    <workAmount>10</workAmount>
    <deathOnFailedSurgeryChance>0.10</deathOnFailedSurgeryChance>
    <skillRequirements>
      <Medicine>1</Medicine>
    </skillRequirements>
    <ingredients>
      <li>
        <filter>
          <thingDefs>
            <li>BeastmenBloodlust</li>
          </thingDefs>
        </filter>
        <count>1</count>
      </li>
    </ingredients>
    <fixedIngredientFilter>
      <thingDefs>
        <li>BeastmenBloodlust</li>
      </thingDefs>
    </fixedIngredientFilter>
    <appliedOnFixedBodyParts>
      <li>Brain</li>
    </appliedOnFixedBodyParts>
    <addsHediff>BeastmenPainStopper</addsHediff>
  </RecipeDef>

  <!--======================= stand in for bestigor horns =========================-->

  <RecipeDef ParentName="SurgeryFlesh">
    <defName>InstallBestigorHornLeft</defName>
    <label>Install bestigor horn left</label>
    <description>Install a bestigor horn.</description>
    <workerClass>Recipe_InstallArtificialBodyPart</workerClass>
    <jobString>Installing horn.</jobString>
    <workAmount>1200</workAmount>
    <surgerySuccessChanceFactor>1.5</surgerySuccessChanceFactor>
    <skillRequirements>
      <Medicine>1</Medicine>
    </skillRequirements>
    <ingredients>
      <li>
        <filter>
          <categories>
            <li>Medicine</li>
          </categories>
        </filter>
        <count>1</count>
      </li>
      <li>
        <filter>
          <thingDefs>
            <li>BestigorHorn</li>
          </thingDefs>
        </filter>
        <count>1</count>
      </li>
    </ingredients>
    <fixedIngredientFilter>
      <categories>
        <li>Medicine</li>
      </categories>
      <thingDefs>
        <li>BestigorHorn</li>
      </thingDefs>
    </fixedIngredientFilter>
    <appliedOnFixedBodyParts>
      <li>GorLeftHorn</li>
    </appliedOnFixedBodyParts>
    <addsHediff>BestigorHornLeft</addsHediff>
  </RecipeDef>

  <RecipeDef ParentName="SurgeryFlesh">
    <defName>InstallBestigorHornRight</defName>
    <label>Install bestigor horn right</label>
    <description>Install a bestigor horn.</description>
    <workerClass>Recipe_InstallArtificialBodyPart</workerClass>
    <jobString>Installing horn.</jobString>
    <workAmount>1200</workAmount>
    <surgerySuccessChanceFactor>1.5</surgerySuccessChanceFactor>
    <skillRequirements>
      <Medicine>1</Medicine>
    </skillRequirements>
    <ingredients>
      <li>
        <filter>
          <categories>
            <li>Medicine</li>
          </categories>
        </filter>
        <count>1</count>
      </li>
      <li>
        <filter>
          <thingDefs>
            <li>BestigorHorn</li>
          </thingDefs>
        </filter>
        <count>1</count>
      </li>
    </ingredients>
    <fixedIngredientFilter>
      <categories>
        <li>Medicine</li>
      </categories>
      <thingDefs>
        <li>BestigorHorn</li>
      </thingDefs>
    </fixedIngredientFilter>
    <appliedOnFixedBodyParts>
      <li>GorRightHorn</li>
    </appliedOnFixedBodyParts>
    <addsHediff>BestigorHornRight</addsHediff>
  </RecipeDef>

  <!--======================= stand in for gorebull horns =========================-->

  <RecipeDef ParentName="SurgeryFlesh">
    <defName>InstallGorebullHornLeft</defName>
    <label>Install horn left</label>
    <description>Install a horn.</description>
    <workerClass>Recipe_InstallArtificialBodyPart</workerClass>
    <jobString>Installing horn.</jobString>
    <workAmount>1200</workAmount>
    <surgerySuccessChanceFactor>1.5</surgerySuccessChanceFactor>
    <skillRequirements>
      <Medicine>1</Medicine>
    </skillRequirements>
    <ingredients>
      <li>
        <filter>
          <categories>
            <li>Medicine</li>
          </categories>
        </filter>
        <count>1</count>
      </li>
      <li>
        <filter>
          <thingDefs>
            <li>GorebullHorn</li>
          </thingDefs>
        </filter>
        <count>1</count>
      </li>
    </ingredients>
    <fixedIngredientFilter>
      <categories>
        <li>Medicine</li>
      </categories>
      <thingDefs>
        <li>GorebullHorn</li>
      </thingDefs>
    </fixedIngredientFilter>
    <appliedOnFixedBodyParts>
      <li>GorLeftHorn</li>
    </appliedOnFixedBodyParts>
    <addsHediff>GorebullHornLeft</addsHediff>
  </RecipeDef>

  <RecipeDef ParentName="SurgeryFlesh">
    <defName>InstallGorebullHornRight</defName>
    <label>Install horn right</label>
    <description>Install a horn.</description>
    <workerClass>Recipe_InstallArtificialBodyPart</workerClass>
    <jobString>Installing horn.</jobString>
    <workAmount>1200</workAmount>
    <surgerySuccessChanceFactor>1.5</surgerySuccessChanceFactor>
    <skillRequirements>
      <Medicine>1</Medicine>
    </skillRequirements>
    <ingredients>
      <li>
        <filter>
          <categories>
            <li>Medicine</li>
          </categories>
        </filter>
        <count>1</count>
      </li>
      <li>
        <filter>
          <thingDefs>
            <li>GorebullHorn</li>
          </thingDefs>
        </filter>
        <count>1</count>
      </li>
    </ingredients>
    <fixedIngredientFilter>
      <categories>
        <li>Medicine</li>
      </categories>
      <thingDefs>
        <li>GorebullHorn</li>
      </thingDefs>
    </fixedIngredientFilter>
    <appliedOnFixedBodyParts>
      <li>GorRightHorn</li>
    </appliedOnFixedBodyParts>
    <addsHediff>GorebullHornRight</addsHediff>
  </RecipeDef>
  
  <RecipeDef ParentName="SurgeryFlesh">
    <defName>InstallGorPegHoof</defName>
    <label>Install peg leg</label>
    <description>Install a peg leg.</description>
    <workerClass>Recipe_InstallArtificialBodyPart</workerClass>
    <jobString>Installing peg.</jobString>
    <workAmount>1200</workAmount>
    <surgerySuccessChanceFactor>1.5</surgerySuccessChanceFactor>
    <skillRequirements>
      <Medicine>1</Medicine>
    </skillRequirements>
    <ingredients>
      <li>
        <filter>
          <categories>
            <li>Medicine</li>
          </categories>
        </filter>
        <count>1</count>
      </li>
      <li>
        <filter>
          <thingDefs>
            <li>WoodLog</li>
          </thingDefs>
        </filter>
        <count>1</count>
      </li>
    </ingredients>
    <fixedIngredientFilter>
      <categories>
        <li>Medicine</li>
      </categories>
      <thingDefs>
        <li>WoodLog</li>
      </thingDefs>
    </fixedIngredientFilter>
    <appliedOnFixedBodyParts>
      <li>Leg</li>
    </appliedOnFixedBodyParts>
    <addsHediff>GorPegHoof</addsHediff>
  </RecipeDef>

  <RecipeDef ParentName="SurgeryFlesh">
    <defName>InstallGorSteelHoof</defName>
    <label>Install steel hoof</label>
    <description>Install a steel hoof.</description>
    <workerClass>Recipe_InstallArtificialBodyPart</workerClass>
    <jobString>Installing hoof.</jobString>
    <workAmount>1200</workAmount>
    <surgerySuccessChanceFactor>1.5</surgerySuccessChanceFactor>
    <skillRequirements>
      <Medicine>1</Medicine>
    </skillRequirements>
    <ingredients>
      <li>
        <filter>
          <categories>
            <li>Medicine</li>
          </categories>
        </filter>
        <count>1</count>
      </li>
      <li>
        <filter>
          <thingDefs>
            <li>GorSteelHoof</li>
          </thingDefs>
        </filter>
        <count>1</count>
      </li>
    </ingredients>
    <fixedIngredientFilter>
      <categories>
        <li>Medicine</li>
      </categories>
      <thingDefs>
        <li>GorSteelHoof</li>
      </thingDefs>
    </fixedIngredientFilter>
    <appliedOnFixedBodyParts>
      <li>Hoof</li>
    </appliedOnFixedBodyParts>
    <addsHediff>GorSteelHoof</addsHediff>
  </RecipeDef>

  <!--======================= stand in for extra horns =========================-->

  <!--======================= Stub =========================-->

  <RecipeDef ParentName="SurgeryFlesh">
    <defName>InstallGorStubHornLeft</defName>
    <label>install gor stub</label>
    <description>Install a left gor stub.</description>
    <workerClass>Recipe_InstallArtificialBodyPart</workerClass>
    <jobString>Installing hornstub.</jobString>
    <workAmount>500</workAmount>
    <surgerySuccessChanceFactor>2</surgerySuccessChanceFactor>
    <skillRequirements>
      <Medicine>1</Medicine>
    </skillRequirements>
    <ingredients>
      <li>
        <filter>
          <categories>
            <li>Medicine</li>
          </categories>
        </filter>
        <count>1</count>
      </li>
      <li>
        <filter>
          <thingDefs>
            <li>GorStubHorn</li>
          </thingDefs>
        </filter>
        <count>1</count>
      </li>
    </ingredients>
    <fixedIngredientFilter>
      <categories>
        <li>Medicine</li>
      </categories>
      <thingDefs>
        <li>GorStubHorn</li>
      </thingDefs>
    </fixedIngredientFilter>
    <appliedOnFixedBodyParts>
      <li>GorLeftHorn</li>
    </appliedOnFixedBodyParts>
    <addsHediff>GorStubHornLeft</addsHediff>
  </RecipeDef>

  <RecipeDef ParentName="SurgeryFlesh">
    <defName>InstallGorStubHornRight</defName>
    <label>install gor stub</label>
    <description>Install a right gor stub.</description>
    <workerClass>Recipe_InstallArtificialBodyPart</workerClass>
    <jobString>Installing stub.</jobString>
    <workAmount>500</workAmount>
    <surgerySuccessChanceFactor>2</surgerySuccessChanceFactor>
    <skillRequirements>
      <Medicine>1</Medicine>
    </skillRequirements>
    <ingredients>
      <li>
        <filter>
          <categories>
            <li>Medicine</li>
          </categories>
        </filter>
        <count>1</count>
      </li>
      <li>
        <filter>
          <thingDefs>
            <li>GorStubHorn</li>
          </thingDefs>
        </filter>
        <count>1</count>
      </li>
    </ingredients>
    <fixedIngredientFilter>
      <categories>
        <li>Medicine</li>
      </categories>
      <thingDefs>
        <li>GorStubHorn</li>
      </thingDefs>
    </fixedIngredientFilter>
    <appliedOnFixedBodyParts>
      <li>GorRightHorn</li>
    </appliedOnFixedBodyParts>
    <addsHediff>GorStubHornRight</addsHediff>
  </RecipeDef>

  <!--======================= damaged =========================-->

  <RecipeDef ParentName="SurgeryFlesh">
    <defName>InstallGorDamagedHornLeft</defName>
    <label>install damaged horn</label>
    <description>Install a damaged left horn.</description>
    <workerClass>Recipe_InstallArtificialBodyPart</workerClass>
    <jobString>Installing horn.</jobString>
    <workAmount>1000</workAmount>
    <surgerySuccessChanceFactor>2</surgerySuccessChanceFactor>
    <skillRequirements>
      <Medicine>1</Medicine>
    </skillRequirements>
    <ingredients>
      <li>
        <filter>
          <categories>
            <li>Medicine</li>
          </categories>
        </filter>
        <count>1</count>
      </li>
      <li>
        <filter>
          <thingDefs>
            <li>GorDamagedHorn</li>
          </thingDefs>
        </filter>
        <count>1</count>
      </li>
    </ingredients>
    <fixedIngredientFilter>
      <categories>
        <li>Medicine</li>
      </categories>
      <thingDefs>
        <li>GorDamagedHorn</li>
      </thingDefs>
    </fixedIngredientFilter>
    <appliedOnFixedBodyParts>
      <li>GorLeftHorn</li>
    </appliedOnFixedBodyParts>
    <addsHediff>GorDamagedHornLeft</addsHediff>
  </RecipeDef>

  <RecipeDef ParentName="SurgeryFlesh">
    <defName>InstallGorDamagedHornRight</defName>
    <label>install damaged horn</label>
    <description>Install a damaged right horn.</description>
    <workerClass>Recipe_InstallArtificialBodyPart</workerClass>
    <jobString>Installing stub.</jobString>
    <workAmount>1000</workAmount>
    <surgerySuccessChanceFactor>2</surgerySuccessChanceFactor>
    <skillRequirements>
      <Medicine>1</Medicine>
    </skillRequirements>
    <ingredients>
      <li>
        <filter>
          <categories>
            <li>Medicine</li>
          </categories>
        </filter>
        <count>1</count>
      </li>
      <li>
        <filter>
          <thingDefs>
            <li>GorDamagedHorn</li>
          </thingDefs>
        </filter>
        <count>1</count>
      </li>
    </ingredients>
    <fixedIngredientFilter>
      <categories>
        <li>Medicine</li>
      </categories>
      <thingDefs>
        <li>GorDamagedHorn</li>
      </thingDefs>
    </fixedIngredientFilter>
    <appliedOnFixedBodyParts>
      <li>GorRightHorn</li>
    </appliedOnFixedBodyParts>
    <addsHediff>GorDamagedHornRight</addsHediff>
  </RecipeDef>

  <!--======================= damaged =========================-->

  <RecipeDef ParentName="SurgeryFlesh">
    <defName>InstallGorRuntHornLeft</defName>
    <label>install small horn</label>
    <description>Install small left horn.</description>
    <workerClass>Recipe_InstallArtificialBodyPart</workerClass>
    <jobString>Installing horn.</jobString>
    <workAmount>1200</workAmount>
    <surgerySuccessChanceFactor>1.5</surgerySuccessChanceFactor>
    <skillRequirements>
      <Medicine>1</Medicine>
    </skillRequirements>
    <ingredients>
      <li>
        <filter>
          <categories>
            <li>Medicine</li>
          </categories>
        </filter>
        <count>1</count>
      </li>
      <li>
        <filter>
          <thingDefs>
            <li>GorRuntHorn</li>
          </thingDefs>
        </filter>
        <count>1</count>
      </li>
    </ingredients>
    <fixedIngredientFilter>
      <categories>
        <li>Medicine</li>
      </categories>
      <thingDefs>
        <li>GorRuntHorn</li>
      </thingDefs>
    </fixedIngredientFilter>
    <appliedOnFixedBodyParts>
      <li>GorLeftHorn</li>
    </appliedOnFixedBodyParts>
    <addsHediff>GorRuntHornLeft</addsHediff>
  </RecipeDef>

  <RecipeDef ParentName="SurgeryFlesh">
    <defName>InstallGorRuntHornRight</defName>
    <label>install small horn</label>
    <description>Install small left horn.</description>
    <workerClass>Recipe_InstallArtificialBodyPart</workerClass>
    <jobString>Installing stub.</jobString>
    <workAmount>1200</workAmount>
    <surgerySuccessChanceFactor>1.5</surgerySuccessChanceFactor>
    <skillRequirements>
      <Medicine>1</Medicine>
    </skillRequirements>
    <ingredients>
      <li>
        <filter>
          <categories>
            <li>Medicine</li>
          </categories>
        </filter>
        <count>1</count>
      </li>
      <li>
        <filter>
          <thingDefs>
            <li>GorRuntHorn</li>
          </thingDefs>
        </filter>
        <count>1</count>
      </li>
    </ingredients>
    <fixedIngredientFilter>
      <categories>
        <li>Medicine</li>
      </categories>
      <thingDefs>
        <li>GorRuntHorn</li>
      </thingDefs>
    </fixedIngredientFilter>
    <appliedOnFixedBodyParts>
      <li>GorRightHorn</li>
    </appliedOnFixedBodyParts>
    <addsHediff>GorRuntHornRight</addsHediff>
  </RecipeDef>

  <!--======================= Swept =========================-->

  <RecipeDef ParentName="SurgeryFlesh">
    <defName>InstallGorSweptHornLeft</defName>
    <label>install swept horn</label>
    <description>Install swept left horn.</description>
    <workerClass>Recipe_InstallArtificialBodyPart</workerClass>
    <jobString>Installing horn.</jobString>
    <workAmount>1200</workAmount>
    <surgerySuccessChanceFactor>1.5</surgerySuccessChanceFactor>
    <skillRequirements>
      <Medicine>1</Medicine>
    </skillRequirements>
    <ingredients>
      <li>
        <filter>
          <categories>
            <li>Medicine</li>
          </categories>
        </filter>
        <count>1</count>
      </li>
      <li>
        <filter>
          <thingDefs>
            <li>GorSweptHorn</li>
          </thingDefs>
        </filter>
        <count>1</count>
      </li>
    </ingredients>
    <fixedIngredientFilter>
      <categories>
        <li>Medicine</li>
      </categories>
      <thingDefs>
        <li>GorSweptHorn</li>
      </thingDefs>
    </fixedIngredientFilter>
    <appliedOnFixedBodyParts>
      <li>GorLeftHorn</li>
    </appliedOnFixedBodyParts>
    <addsHediff>GorSweptHornLeft</addsHediff>
  </RecipeDef>

  <RecipeDef ParentName="SurgeryFlesh">
    <defName>InstallGorSweptHornRight</defName>
    <label>install swept right horn</label>
    <description>Install swept right horn.</description>
    <workerClass>Recipe_InstallArtificialBodyPart</workerClass>
    <jobString>Installing horn.</jobString>
    <workAmount>1200</workAmount>
    <surgerySuccessChanceFactor>1.5</surgerySuccessChanceFactor>
    <skillRequirements>
      <Medicine>1</Medicine>
    </skillRequirements>
    <ingredients>
      <li>
        <filter>
          <categories>
            <li>Medicine</li>
          </categories>
        </filter>
        <count>1</count>
      </li>
      <li>
        <filter>
          <thingDefs>
            <li>GorSweptHorn</li>
          </thingDefs>
        </filter>
        <count>1</count>
      </li>
    </ingredients>
    <fixedIngredientFilter>
      <categories>
        <li>Medicine</li>
      </categories>
      <thingDefs>
        <li>GorSweptHorn</li>
      </thingDefs>
    </fixedIngredientFilter>
    <appliedOnFixedBodyParts>
      <li>GorRightHorn</li>
    </appliedOnFixedBodyParts>
    <addsHediff>GorSweptHornRight</addsHediff>
  </RecipeDef>
  
</Defs>
