﻿<?xml version="1.0" encoding="utf-8" ?>
<Defs>

  <!-- ================ Player ========================== -->
  
  <PawnKindDef Name="GorBase" Abstract="True">
    <defName>GorFaction</defName>
    <label>gor</label>
    <combatPower>45</combatPower>
    <baseRecruitDifficulty>0.60</baseRecruitDifficulty>
    <minGenerationAge>18</minGenerationAge>
    <maxGenerationAge>60</maxGenerationAge>
    <isFighter>true</isFighter>
    <apparelIgnoreSeasons>true</apparelIgnoreSeasons>
    <forceNormalGearQuality>true</forceNormalGearQuality>
    <race>Alien_Gor</race>
    <chemicalAddictionChance>0.05</chemicalAddictionChance>
    <apparelAllowHeadgearChance>0</apparelAllowHeadgearChance>
  </PawnKindDef>

  <PawnKindDef Name="UngorBase" Abstract="True">
    <defName>UngorFaction</defName>
    <label>Ungor</label>
    <combatPower>35</combatPower>
    <baseRecruitDifficulty>0.60</baseRecruitDifficulty>
    <isFighter>false</isFighter>
    <apparelIgnoreSeasons>true</apparelIgnoreSeasons>
    <minGenerationAge>18</minGenerationAge>
    <maxGenerationAge>60</maxGenerationAge>
    <forceNormalGearQuality>true</forceNormalGearQuality>
    <race>Alien_Ungor</race>
    <chemicalAddictionChance>0.05</chemicalAddictionChance>
    <apparelAllowHeadgearChance>0</apparelAllowHeadgearChance>
  </PawnKindDef>

  <PawnKindDef ParentName="GorBase">
    <defName>GorColony</defName>
    <race>Alien_Gor</race>
    <combatPower>45</combatPower>
    <backstoryFiltersOverride>
      <li>
        <categories>
          <li>Gor</li>
        </categories>
      </li>
    </backstoryFiltersOverride>
    <apparelTags>
      <li>GorLow</li>
    </apparelTags>
    <apparelMoney>
      <min>0</min>
      <max>500</max>
    </apparelMoney>
    <techHediffsMoney>
      <min>100</min>
      <max>300</max>
    </techHediffsMoney>
    <techHediffsTags>
      <li>GorAverage</li>
      <li>GorDamaged</li>
      <li>GorRunt</li>
    </techHediffsTags>
    <techHediffsChance>0.25</techHediffsChance>
  </PawnKindDef>
  
  <PawnKindDef ParentName="GorBase">
    <defName>GorTribe</defName>
    <label>gor</label>
    <race>Alien_Gor</race>
    <combatPower>45</combatPower>
    <backstoryFiltersOverride>
      <li>
        <categories>
          <li>Gor</li>
        </categories>
      </li>
    </backstoryFiltersOverride>
    <apparelTags>
      <li>GorLow</li>
    </apparelTags>
    <apparelMoney>
      <min>0</min>
      <max>200</max>
    </apparelMoney>
    <techHediffsMoney>
      <min>100</min>
      <max>300</max>
    </techHediffsMoney>
    <techHediffsTags>
      <li>GorAverage</li>
      <li>GorDamaged</li>
      <li>GorRunt</li>
    </techHediffsTags>
    <techHediffsChance>0.25</techHediffsChance>
  </PawnKindDef>

  <PawnKindDef ParentName="UngorBase">
    <defName>UngorColony</defName>
    <race>Alien_Ungor</race>
    <combatPower>35</combatPower>
    <backstoryFiltersOverride>
      <li>
        <categories>
          <li>Ungor</li>
        </categories>
      </li>
    </backstoryFiltersOverride>
    <apparelTags>
      <li>GorLow</li>
    </apparelTags>
    <apparelMoney>
      <min>0</min>
      <max>200</max>
    </apparelMoney>
  </PawnKindDef>

  <PawnKindDef ParentName="UngorBase">
    <defName>UngorTribe</defName>
    <label>ungor</label>
    <race>Alien_Ungor</race>
    <combatPower>35</combatPower>
    <backstoryFiltersOverride>
      <li>
        <categories>
          <li>Ungor</li>
        </categories>
      </li>
    </backstoryFiltersOverride>
    <apparelTags>
      <li>GorLow</li>
    </apparelTags>
    <apparelMoney>
      <min>0</min>
      <max>200</max>
    </apparelMoney>
  </PawnKindDef>

  <!-- ================ Player Scenario - Bestigor ========================== -->

  <PawnKindDef>
    <defName>GorScenarioBestigor</defName>
    <race>Alien_Gor</race>
    <combatPower>30</combatPower>
    <backstoryFiltersOverride>
      <li>
        <categories>
          <li>Bestigor</li>
        </categories>
      </li>
    </backstoryFiltersOverride>
    <minGenerationAge>22</minGenerationAge>
    <maxGenerationAge>42</maxGenerationAge>
    <apparelTags>
      <li>GorLow</li>
    </apparelTags>
    <apparelMoney>
      <min>0</min>
      <max>100</max>
    </apparelMoney>
    <weaponTags>
      <li>NeolithicMeleeBasic</li>
    </weaponTags>
    <weaponMoney>
      <min>80</min>
      <max>120</max>
    </weaponMoney>
    <techHediffsMoney>
      <min>50</min>
      <max>50</max>
    </techHediffsMoney>
    <techHediffsTags>
      <li>Poor</li>
    </techHediffsTags>
    <techHediffsChance>0.5</techHediffsChance>
  </PawnKindDef>

  <!-- ================ Player Scenario - BeastmenHerd ========================== -->

  <PawnKindDef>
    <defName>BullgorBeastmenPlayer</defName>
    <label>minotaur</label>
    <race>Alien_Bullgor</race>
    <factionLeader>false</factionLeader>
    <combatPower>30</combatPower>
    <minGenerationAge>18</minGenerationAge>
    <maxGenerationAge>60</maxGenerationAge>
    <backstoryFiltersOverride>
      <li>
        <categories>
          <li>Bullgor</li>
        </categories>
      </li>
    </backstoryFiltersOverride>
    <apparelTags>
      <li>GorLow</li>
    </apparelTags>
    <gearHealthRange>
      <min>0.5</min>
      <max>2.0</max>
    </gearHealthRange>
    <apparelMoney>
      <min>200</min>
      <max>300</max>
    </apparelMoney>
    <weaponMoney>
      <min>0</min>
      <max>0</max>
    </weaponMoney>
  </PawnKindDef>

  <PawnKindDef>
    <defName>GorBeastmenPlayer</defName>
    <label>ravager</label>
    <race>Alien_Gor</race>
    <combatPower>30</combatPower>
    <minGenerationAge>18</minGenerationAge>
    <maxGenerationAge>60</maxGenerationAge>
    <backstoryFiltersOverride>
      <li>
        <categories>
          <li>Gor</li>
        </categories>
      </li>
    </backstoryFiltersOverride>
    <apparelTags>
      <li>GorLow</li>
    </apparelTags>
    <apparelMoney>
      <min>0</min>
      <max>200</max>
    </apparelMoney>
    <weaponTags>
      <li>NeolithicMeleeBasic</li>
    </weaponTags>
    <weaponMoney>
      <min>80</min>
      <max>120</max>
    </weaponMoney>
    <techHediffsMoney>
      <min>100</min>
      <max>300</max>
    </techHediffsMoney>
    <techHediffsTags>
      <li>GorAverage</li>
      <li>GorDamaged</li>
      <li>GorRunt</li>
    </techHediffsTags>
    <techHediffsChance>0.25</techHediffsChance>
  </PawnKindDef>


  <PawnKindDef>
    <defName>UngorBeastmenPlayer</defName>
    <label>raider</label>
    <race>Alien_Ungor</race>
    <combatPower>30</combatPower>
    <minGenerationAge>18</minGenerationAge>
    <maxGenerationAge>60</maxGenerationAge>
    <backstoryFiltersOverride>
      <li>
        <categories>
          <li>Ungor</li>
        </categories>
      </li>
    </backstoryFiltersOverride>
    <apparelTags>
      <li>GorLow</li>
    </apparelTags>
    <apparelMoney>
      <min>0</min>
      <max>200</max>
    </apparelMoney>
    <weaponTags>
      <li>NeolithicRangedBasic</li>
    </weaponTags>
    <weaponMoney>
      <min>80</min>
      <max>120</max>
    </weaponMoney>
  </PawnKindDef>
  
</Defs>