<?xml version="1.0" encoding="utf-8" ?>
<Patch>
  <Operation Class="PatchOperationFindMod">
    <mods>
      <li>Royalty</li>
    </mods>
    <match Class="PatchOperationSequence">
      <success>Always</success>
      <operations>
        <li Class="PatchOperationAdd">
          <xpath>/Defs/FactionDef[defName="Empire"]/permanentEnemyToEveryoneExcept</xpath>
	    <value>
	    	<li>GorPlayerFaction</li>
			<li>BeastmenPlayerFaction</li>
		</value>
        </li>
        </operations>
    </match>
  </Operation>
</Patch>
