<?xml version="1.0" encoding="utf-8" ?>
<Defs>

  <!--===================== Death =====================-->


  <ThoughtDef ParentName="DeathMemory">
    <defName>UngorMySonDied</defName>
    <stages>
      <li>
        <label>my son {0} died</label>
        <description>Such weakness! But it was my son.</description>
        <baseMoodEffect>-15</baseMoodEffect>
      </li>
    </stages>
  </ThoughtDef>

  <ThoughtDef ParentName="DeathMemory">
    <defName>UngorMyDaughterDied</defName>
    <stages>
      <li>
        <label>my daughter {0} died</label>
        <description>Such weakness! But it was my daughter.</description>
        <baseMoodEffect>-15</baseMoodEffect>
      </li>
    </stages>
  </ThoughtDef>

  <ThoughtDef ParentName="DeathMemory">
    <defName>UngorMyBrotherDied</defName>
    <stages>
      <li>
        <label>my brother {0} died</label>
        <description>He was weak, but he was my brother.</description>
        <baseMoodEffect>-8</baseMoodEffect>
      </li>
    </stages>
  </ThoughtDef>

  <ThoughtDef ParentName="DeathMemory">
    <defName>UngorMySisterDied</defName>
    <stages>
      <li>
        <label>my sister {0} died</label>
        <description>She was weak, but she was my sister.</description>
        <baseMoodEffect>-8</baseMoodEffect>
      </li>
    </stages>
  </ThoughtDef>

  <ThoughtDef ParentName="DeathMemory">
    <defName>UngorMyGrandchildDied</defName>
    <stages>
      <li>
        <label>my grandchild {0} died</label>
        <description>My grandchild died. A part of my bloodline was lost.</description>
        <baseMoodEffect>-7</baseMoodEffect>
      </li>
    </stages>
  </ThoughtDef>

  <ThoughtDef ParentName="DeathMemory">
    <defName>UngorMyFatherDied</defName>
    <stages>
      <li>
        <label>my father {0} died</label>
        <description>He was weak! Yet I still live.</description>
        <baseMoodEffect>-7</baseMoodEffect>
      </li>
    </stages>
  </ThoughtDef>

  <ThoughtDef ParentName="DeathMemory">
    <defName>UngorMyMotherDied</defName>
    <stages>
      <li>
        <label>my mother {0} died</label>
        <description>She was weak! Yet I still live.</description>
        <baseMoodEffect>-7</baseMoodEffect>
      </li>
    </stages>
  </ThoughtDef>

  <ThoughtDef ParentName="DeathMemory">
    <defName>UngorMyNieceDied</defName>
    <stages>
      <li>
        <label>my niece {0} died</label>
        <description>A part of the bloodline was lost.</description>
        <baseMoodEffect>-3</baseMoodEffect>
      </li>
    </stages>
  </ThoughtDef>

  <ThoughtDef ParentName="DeathMemory">
    <defName>UngorMyNephewDied</defName>
    <stages>
      <li>
        <label>my nephew {0} died</label>
        <description>A part of the bloodline was lost.</description>
        <baseMoodEffect>-3</baseMoodEffect>
      </li>
    </stages>
  </ThoughtDef>

  <!-- Married -->

  <ThoughtDef>
    <defName>UnGorGotMarried</defName>
    <durationDays>30.0</durationDays>
    <stackLimit>1</stackLimit>
    <stages>
      <li>
        <label>got married to {0}</label>
        <description>I can feel some warmth stirring inside me.</description>
        <baseMoodEffect>25</baseMoodEffect>
      </li>
    </stages>
  </ThoughtDef>

  <ThoughtDef>
    <defName>UnGorMyOrganHarvested</defName>
    <durationDays>8</durationDays>
    <stackLimit>5</stackLimit>
    <stages>
      <li>
        <label>my organ harvested</label>
        <description>They took me apart!</description>
        <baseMoodEffect>-30</baseMoodEffect>
      </li>
    </stages>
  </ThoughtDef>

  <ThoughtDef>
    <defName>UnGorWasImprisoned</defName>
    <durationDays>6</durationDays>
    <stackLimit>1</stackLimit>
    <stages>
      <li>
        <label>was imprisoned</label>
        <description>They are keeping me imprisoned.</description>
        <baseMoodEffect>-10</baseMoodEffect>
      </li>
    </stages>
  </ThoughtDef>

  <ThoughtDef>
    <defName>UnGorWitnessedDeathFamily</defName>
    <icon>Things/Mote/ThoughtSymbol/Skull</icon>
    <showBubble>true</showBubble>
    <durationDays>6</durationDays>
    <stackLimit>1</stackLimit>
    <nullifyingTraits>
      <li>Psychopath</li>
      <li>Bloodlust</li>
    </nullifyingTraits>
    <stages>
      <li>
        <label>witnessed family member's death</label>
        <description>My blood and flesh! Dead!</description>
        <baseMoodEffect>-8</baseMoodEffect>
      </li>
    </stages>
   </ThoughtDef>

  <!-- Rescue quest -->

  <ThoughtDef>
    <defName>UnGorRescued</defName>
    <durationDays>30</durationDays>
    <stackLimit>5</stackLimit>
    <showBubble>true</showBubble>
    <stages>
      <li>
        <label>rescued</label>
        <description>I live!</description>
        <baseMoodEffect>2</baseMoodEffect>
      </li>
    </stages>
  </ThoughtDef>

  <ThoughtDef>
    <defName>UnGorFailedRomanceAttemptOnMeLowOpinionMood</defName>
    <durationDays>3.0</durationDays>
    <stackLimit>5</stackLimit>
    <stackedEffectMultiplier>0.9</stackedEffectMultiplier>
    <stages>
      <li>
        <label>had to rebuff {0}</label>
        <description>What do they want!</description>
        <baseMoodEffect>-3</baseMoodEffect>
      </li>
    </stages>
  </ThoughtDef>

  <ThoughtDef>
    <defName>UnGorRejectedMyProposal</defName>
    <thoughtClass>Thought_MemorySocial</thoughtClass>
    <durationDays>60</durationDays>
    <stackLimit>300</stackLimit>
    <stackLimitForSameOtherPawn>1</stackLimitForSameOtherPawn>
    <stackedEffectMultiplier>0.9</stackedEffectMultiplier>
    <stages>
      <li>
        <label>rejected my proposal</label>
        <baseOpinionOffset>-30</baseOpinionOffset>
      </li>
    </stages>
    <thoughtToMake>UnGorRejectedMyProposalMood</thoughtToMake>
  </ThoughtDef>
  
  <ThoughtDef>
    <defName>UnGorRejectedMyProposalMood</defName>
    <durationDays>25.0</durationDays>
    <stackLimit>5</stackLimit>
    <stackedEffectMultiplier>0.9</stackedEffectMultiplier>
    <stages>
      <li>
        <label>my proposal was rejected by {0}</label>
        <description>You don't reject me!</description>
        <baseMoodEffect>-18</baseMoodEffect>
      </li>
    </stages>
  </ThoughtDef>

  <ThoughtDef>
    <defName>UnGorIRejectedTheirProposal</defName>
    <thoughtClass>Thought_MemorySocial</thoughtClass>
    <durationDays>60</durationDays>
    <stackLimit>300</stackLimit>
    <stackLimitForSameOtherPawn>1</stackLimitForSameOtherPawn>
    <stackedEffectMultiplier>0.9</stackedEffectMultiplier>
    <stages>
      <li>
        <label>Such an insult.</label>
        <baseOpinionOffset>-15</baseOpinionOffset>
      </li>
    </stages>
  </ThoughtDef>

  <!--======== 
  <ThoughtDef>
    <defName>UnGorOpinionOfMyLover</defName>
    <thoughtClass>Thought_OpinionOfMyLover</thoughtClass>
    <workerClass>ThoughtWorker_OpinionOfMyLover</workerClass>
    <validWhileDespawned>true</validWhileDespawned>
    <stages>
      <li>
        <label>opinion of my {0} {1}</label>
        <description>I feel warmth inside of me.</description>
      </li>
    </stages>
  </ThoughtDef>
  =======-->

  <ThoughtDef>
    <defName>UnGorInsultedMood</defName>
    <durationDays>2</durationDays>
    <stackLimit>10</stackLimit>
    <stackedEffectMultiplier>0.9</stackedEffectMultiplier>
    <stages>
      <li>
        <label>insulted</label>
        <description>It stings.</description>
        <baseMoodEffect>-5</baseMoodEffect>
      </li>
    </stages>
  </ThoughtDef>

</Defs>